PhotoID,CameraModel,LensID,ShutterSpeedValue,ApertureValue,ISO,FocalLength,FocalLengthIn35mmFormat,SubjectDistance,eyeglasses,head_accessory,ear_obstruct,makeup,facialhair,face_decor,head_tilt,head_lift,head_turn,BirthYear,Age_atphoto,Gender,Nationality,Weight,Height,fWHR,M_attractiveness,SD_attractiveness,M_dominance,SD_dominance,M_femininity,SD_femininity,M_masculinity,SD_masculinity,M_trustworthiness,SD_trustworthiness,M_Turkishness,SD_Turkishness,GM_DA,GM_MF
22,NIKON D90,AF-S DX VR Zoom-Nikkor 18-105mm f/3.5-5.6G ED,1/125,11,125,105.0 mm,157 mm,2.82 m,0,0,1,0,0,0,0,0,0,1996,20,Female,Turkish,45,160,2.175636627,1.885245902,1.198587511,4.915254237,1.783914096,3.271186441,1.617048274,3.491525424,1.822965388,2.966666667,1.572719405,4.316666667,0.791729852,0.044554565,-0.029706419
23,NIKON D90,AF-S DX VR Zoom-Nikkor 18-105mm f/3.5-5.6G ED,1/125,11,125,105.0 mm,157 mm,2.82 m,0,0,2,0,0,1,0,0,0,1996,20,Female,Turkish,40,152,2.267430036,1.634920635,0.866985644,5.209677419,1.494658213,2.790322581,1.438773348,5.112903226,1.699612672,3.467741935,1.596284024,4.177419355,0.87822835,0.057463478,-0.00901021
29,NIKON D90,AF-S DX VR Zoom-Nikkor 18-105mm f/3.5-5.6G ED,1/125,11,125,105.0 mm,157 mm,2.82 m,0,0,2,2,0,0,0,0,0,1996,20,Female,Turkish,65,170,2.119711023,2,1.066738503,4.316666667,1.589069301,3.333333333,1.457495724,3.836065574,1.724145468,3.295081967,1.370453238,4.2,0.776781714,0.045023453,-0.007374782
33,NIKON D90,AF-S DX VR Zoom-Nikkor 18-105mm f/3.5-5.6G ED,1/125,11,125,92.0 mm,138 mm,2.82 m,0,0,1,2,0,0,0,0,0,1995,21,Female,Turkish,57,170,1.970176647,4.107142857,1.5571369,4.508474576,1.454752987,4.678571429,1.363246698,2.160714286,1.486628715,4.964912281,1.375355958,4.071428571,0.828078671,0.030241678,-0.014554356
37,NIKON D90,AF-S DX VR Zoom-Nikkor 18-105mm f/3.5-5.6G ED,1/125,11,125,80.0 mm,120 mm,2.82 m,0,0,1,2,0,0,2,0,1,1996,20,Female,Turkish,57,159,1.962332335,4.515625,3.333296131,3.419354839,1.361633386,3.555555556,1.38863797,3.193548387,1.534720669,4.19047619,1.446432127,4.064516129,0.920993187,0.033671688,-0.000783065
39,NIKON D90,AF-S DX VR Zoom-Nikkor 18-105mm f/3.5-5.6G ED,1/125,11,125,105.0 mm,157 mm,2.82 m,0,0,2,0,0,0,0,0,0,1996,20,Female,Turkish,48,168,1.859459925,3.322580645,3.150717813,3.15,1.505076157,3.033333333,1.687106305,3.213114754,1.789923221,3.737704918,1.504456041,3.180327869,1.087936835,0.045809594,-0.021254527
43,NIKON D90,AF-S DX VR Zoom-Nikkor 18-105mm f/3.5-5.6G ED,1/125,11,125,105.0 mm,157 mm,2.82 m,0,0,1,2,0,1,0,0,0,1996,20,Female,Turkish,53,160,1.891338851,4.410714286,2.781607029,2.824561404,1.501461277,4.381818182,1.592702212,1.807017544,1.301628053,4.696428571,1.583088384,3.490909091,0.997640314,0.045057797,-0.02997343
46,NIKON D90,AF-S DX VR Zoom-Nikkor 18-105mm f/3.5-5.6G ED,1/125,11,125,105.0 mm,157 mm,2.82 m,0,0,1,2,0,0,0,0,0,1996,20,Female,Turkish,53,158,2.0156164,4.15,2.420428594,4.586206897,1.48719072,4.389830508,1.438593053,2.6,1.304490289,3.586206897,1.533651562,3.983606557,0.763583728,0.038639455,-0.007757771
47,NIKON D90,AF-S DX VR Zoom-Nikkor 18-105mm f/3.5-5.6G ED,1/125,11,125,105.0 mm,157 mm,2.82 m,0,0,2,1,0,1,1,0,0,1995,21,Female,Turkish,55,160,2.080504615,2.540983607,1.397304196,3.157894737,1.461279695,3.728813559,1.375029887,2.816666667,1.383825044,3.966101695,1.575306229,3.614035088,0.921070533,0.042471734,0.001611604
53,NIKON D90,AF-S DX VR Zoom-Nikkor 18-105mm f/3.5-5.6G ED,1/125,11,125,105.0 mm,157 mm,2.82 m,0,0,2,1,0,0,0,0,0,1996,20,Female,Turkish,46,163,1.937470358,2.192982456,1.23112313,2.711864407,1.671782524,3.637931034,1.629748402,1.898305085,1.28243996,4.25862069,1.802146331,3.793103448,0.950689882,0.050910064,-0.037015002
61,NIKON D90,AF-S DX VR Zoom-Nikkor 18-105mm f/3.5-5.6G ED,1/125,10,125,105.0 mm,157 mm,2.82 m,0,0,1,1,0,0,0,0,0,1996,20,Female,Turkish,48,160,2.045602701,3.462962963,1.656467746,3.267857143,1.355005152,4.509433962,1.514324443,1.925925926,1.163142326,4.418181818,1.461745647,3.150943396,1.045065813,0.032547602,-0.014371533
62,NIKON D90,AF-S DX VR Zoom-Nikkor 18-105mm f/3.5-5.6G ED,1/125,10,125,105.0 mm,157 mm,2.82 m,0,1,2,0,0,0,0,0,0,1996,20,Female,Turkish,68,175,1.969761434,2.102941176,1.173586236,2.753846154,1.521006752,2.878787879,1.493732048,3.417910448,1.661956256,3.560606061,1.314168797,4.147058824,0.868429804,0.039330814,-0.020255285
65,NIKON D90,AF-S DX VR Zoom-Nikkor 18-105mm f/3.5-5.6G ED,1/125,11,125,105.0 mm,157 mm,2.82 m,0,1,2,0,0,1,0,0,0,1995,21,Female,Turkish,66,165,1.922782239,1.65,1.038659501,2.903225806,1.616611285,2.383333333,1.378917122,4.2,1.72518729,3.033333333,1.540049159,3.783333333,1.043001969,0.044429386,-0.021537182
66,NIKON D90,AF-S DX VR Zoom-Nikkor 18-105mm f/3.5-5.6G ED,1/125,11,125,105.0 mm,157 mm,2.82 m,0,0,1,1,0,0,0,0,0,1996,20,Female,Turkish,45,160,1.951660913,4.532258065,1.666622598,4.14516129,1.566522453,5.467741935,1.387505628,1.677419355,1.052307278,3.163934426,1.142808352,3.222222222,1.142216923,0.039250179,-0.03376859
69,NIKON D90,AF-S DX VR Zoom-Nikkor 18-105mm f/3.5-5.6G ED,1/125,11,125,105.0 mm,157 mm,2.82 m,0,0,2,0,0,0,0,0,0,1995,21,Female,Turkish,48,158,1.90753797,2.620689655,1.361469616,3.607142857,1.435631903,4.037037037,1.331235247,2.824561404,1.525062142,3.892857143,1.5571369,4.206896552,0.74359536,0.028049165,-0.035423472
73,NIKON D90,AF-S DX VR Zoom-Nikkor 18-105mm f/3.5-5.6G ED,1/125,11,125,105.0 mm,157 mm,2.82 m,0,1,1,0,0,0,0,0,0,1996,20,Female,Turkish,48,168,2.019883434,2.298245614,1.281250955,3.344827586,1.670714987,3.438596491,1.309546594,3.109090909,1.499045712,3.775862069,1.56769026,3.649122807,1.093670557,0.047460925,-0.000606321
74,NIKON D90,AF-S DX VR Zoom-Nikkor 18-105mm f/3.5-5.6G ED,1/125,11,125,105.0 mm,157 mm,2.82 m,0,0,0,2,0,2,0,0,0,1991,25,Female,Turkish,,,1.755264105,2.203389831,1.256427077,3.525423729,1.418546271,3.683333333,1.620751726,3.271186441,1.700207984,3.393442623,1.463770115,4.122807018,0.983255806,0.053543127,0.009143746
76,NIKON D90,AF-S DX VR Zoom-Nikkor 18-105mm f/3.5-5.6G ED,1/125,13,125,98.0 mm,147 mm,2.82 m,0,0,2,0,0,0,0,0,0,1992,23,Female,Turkish,,,1.965693489,1.516666667,1.016668982,3.116666667,1.698370771,2.948275862,1.669356571,3.305084746,1.90511324,3.534482759,1.569618539,3.344827586,1.250287323,0.043660376,0.002632642
85,NIKON D90,AF-S DX VR Zoom-Nikkor 18-105mm f/3.5-5.6G ED,1/125,11,125,105.0 mm,157 mm,2.82 m,0,1,0,0,0,0,0,0,0,1994,22,Female,Turkish,,,1.80726764,2.350877193,1.274631993,2.627118644,1.337758097,3.649122807,1.83703204,2.280701754,1.578362465,4.593220339,1.921912159,4.379310345,0.721294796,,
91,NIKON D90,AF-S DX VR Zoom-Nikkor 18-105mm f/3.5-5.6G ED,1/125,11,125,105.0 mm,157 mm,2.82 m,0,0,0,0,0,0,0,0,0,1994,22,Female,Turkish,,,2.143067364,2.450980392,1.446564558,3.196078431,1.46996065,3.96,1.511317846,2.588235294,1.74558266,3.897959184,1.3881177,4.333333333,0.791622806,0.037069123,-0.023316089
92,NIKON D90,AF-S DX VR Zoom-Nikkor 18-105mm f/3.5-5.6G ED,1/125,13,125,105.0 mm,157 mm,2.82 m,0,0,2,1,0,2,0,0,1,1995,20,Female,Turkish,,,1.966819952,3.49122807,1.763952613,4.087719298,1.606690273,4.614035088,1.520742135,2.298245614,1.413770444,4.724137931,1.411644598,3.881355932,1.018530818,0.046309914,-0.000161751
95,NIKON D90,AF-S DX VR Zoom-Nikkor 18-105mm f/3.5-5.6G ED,1/125,13,125,105.0 mm,157 mm,2.82 m,0,0,2,2,0,0,0,0,0,1995,21,Female,Turkish,,,1.880691661,2.416666667,1.292634502,5.016666667,1.556742216,3.327868852,1.422688903,4.166666667,1.668925024,3.193548387,1.458032693,3.786885246,1.081892695,0.044843559,-0.032130705
97,NIKON D90,AF-S DX VR Zoom-Nikkor 18-105mm f/3.5-5.6G ED,1/125,11,125,105.0 mm,157 mm,2.82 m,0,1,0,2,0,0,0,0,0,1993,23,Female,Turkish,,,2.005915959,2.290322581,1.259548407,3.86440678,1.569731221,4.016949153,1.861511487,2.355932203,1.739626514,3.593220339,1.53261827,4.616666667,0.555150511,,
98,NIKON D90,AF-S DX VR Zoom-Nikkor 18-105mm f/3.5-5.6G ED,1/125,13,125,105.0 mm,157 mm,2.82 m,0,0,0,2,0,1,0,1,0,1992,24,Female,Turkish,,,2.029455763,4.879310345,1.71758282,5.293103448,1.42667102,5.385964912,1.398396862,2.762711864,1.896812054,3.966101695,1.607805333,3.881355932,0.984093242,0.049211168,-0.023319263
99,NIKON D90,AF-S DX VR Zoom-Nikkor 18-105mm f/3.5-5.6G ED,1/125,11,125,105.0 mm,157 mm,2.82 m,0,0,1,2,0,0,0,0,0,1995,21,Female,Turkish,,,2.118419953,2.236363636,1.373878484,5.107142857,1.509708839,3.537037037,1.645037855,4.259259259,1.771740272,3.622641509,1.59598553,4.222222222,0.691366344,0.063595553,-0.01233498
102,NIKON D90,AF-S DX VR Zoom-Nikkor 18-105mm f/3.5-5.6G ED,1/125,13,125,105.0 mm,157 mm,2.82 m,0,0,1,2,0,0,0,0,0,1992,23,Female,Turkish,,,2.127778797,4.118644068,1.427376974,3.661016949,1.433709554,5.084745763,1.368212219,1.737704918,0.964393408,5.229508197,1.498815562,4.155172414,0.695895842,0.04562196,-0.016709779
104,NIKON D90,AF-S DX VR Zoom-Nikkor 18-105mm f/3.5-5.6G ED,1/125,11,125,105.0 mm,157 mm,2.82 m,1,0,0,2,0,0,0,0,0,1994,22,Female,Turkish,,,1.974165873,3.789473684,1.520536114,4.527272727,1.372407259,4.925925926,1.226312956,2.245614035,1.340051995,4.203703704,1.606350952,4.236363636,0.792642939,0.032354308,-0.015492011
105,NIKON D90,,1/100,11,,80.0 mm,120 mm,,0,0,2,0,0,0,0,0,0,1991,25,Female,Turkish,,,1.926396945,2.964912281,1.841630802,3.666666667,1.672608456,4.237288136,1.633052811,2.683333333,1.610260182,3.983050847,1.50277359,4.189655172,0.887671833,0.039077523,-0.011966894
110,NIKON D90,AF-S DX VR Zoom-Nikkor 18-105mm f/3.5-5.6G ED,1/125,11,125,105.0 mm,157 mm,2.82 m,0,1,2,2,0,1,0,0,0,1993,23,Female,Turkish,,,1.913487034,2.559322034,1.545529554,3.982758621,1.721804228,4.24137931,1.78010787,2.474576271,1.622640804,3.05,1.556016208,3.683333333,0.999858747,0.032704145,-0.030890478
111,NIKON D90,AF-S DX VR Zoom-Nikkor 18-105mm f/3.5-5.6G ED,1/125,11,125,98.0 mm,147 mm,2.82 m,0,0,2,0,0,0,0,0,0,1995,21,Female,Turkish,,,2.088031534,3.389830508,1.69193777,3.844827586,1.662820729,4.431034483,1.601666555,2.280701754,1.47302393,4.637931034,1.333749179,3.931034483,0.895643823,0.043355863,0.001301689
115,NIKON D90,AF-S DX VR Zoom-Nikkor 18-105mm f/3.5-5.6G ED,1/125,11,125,105.0 mm,157 mm,2.82 m,0,0,2,0,0,0,0,0,0,1995,21,Female,Turkish,58,162,1.924975185,3.140350877,1.726253132,3.456140351,1.648269389,4.074074074,1.527753954,2.910714286,1.632363437,3.767857143,1.489247173,3.210526316,0.995289658,0.048431151,-0.047197161
116,NIKON D90,AF-S DX VR Zoom-Nikkor 18-105mm f/3.5-5.6G ED,1/125,10,125,105.0 mm,157 mm,2.82 m,0,0,2,0,0,0,0,0,0,1996,20,Female,Turkish,58,167,2.025582123,3.727272727,1.556997888,3.894736842,1.472172963,4.571428571,1.346472062,1.839285714,1.07495092,4.4,1.520481636,2.98245614,1.043538419,0.037737454,-0.014907184
120,NIKON D90,AF-S DX VR Zoom-Nikkor 18-105mm f/3.5-5.6G ED,1/125,11,125,105.0 mm,157 mm,2.82 m,0,0,2,1,0,0,0,0,0,1996,20,Female,Turkish,57,163,2.200345288,3.203389831,1.668983389,4.620689655,1.652510968,4.101694915,1.636806344,3.101694915,1.678411762,3.982758621,1.811187255,3.967213115,0.874970726,0.036398811,-0.012326959
131,NIKON D90,AF-S DX VR Zoom-Nikkor 18-105mm f/3.5-5.6G ED,1/125,11,125,105.0 mm,157 mm,2.82 m,1,0,0,0,0,"1,2",1,1,0,1991,25,Female,Turkish,,,2.301329687,2.625,1.613156139,4.836363636,1.584223567,3.719298246,1.655665446,3.105263158,1.739090593,3.446428571,1.476108432,3.589285714,1.156433164,0.066238638,0.000589337
132,NIKON D90,AF-S DX VR Zoom-Nikkor 18-105mm f/3.5-5.6G ED,1/125,11,125,105.0 mm,157 mm,2.82 m,0,0,2,0,0,0,0,0,0,1995,21,Female,Turkish,64,171,1.962595618,4.058823529,1.592630085,3.235294118,1.408378291,5.204081633,1.41391289,1.87755102,1.480887305,4.66,1.451389201,3.769230769,1.040651844,0.036808595,-0.023646432
135,NIKON D90,AF-S DX VR Zoom-Nikkor 18-105mm f/3.5-5.6G ED,1/125,11,125,105.0 mm,157 mm,2.82 m,0,0,2,0,0,0,0,0,0,1996,20,Female,Turkish,50,164,1.969200833,1.838709677,1.074191246,4.444444444,1.634090235,2.952380952,1.650303701,4.09375,1.900031328,3,1.636282175,3.698412698,0.944165797,0.046361869,-0.030315015
137,NIKON D90,AF-S DX VR Zoom-Nikkor 18-105mm f/3.5-5.6G ED,1/125,11,125,105.0 mm,157 mm,2.82 m,0,0,2,0,0,1,0,0,0,1996,20,Female,Turkish,73,167,2.131367665,2.779661017,1.415039863,3.616666667,1.427237069,3.847457627,1.399674338,2.360655738,1.414599907,4.524590164,1.490039791,4.290322581,0.611021632,0.044532459,0.005406817
138,NIKON D90,AF-S DX VR Zoom-Nikkor 18-105mm f/3.5-5.6G ED,1/125,13,125,98.0 mm,147 mm,2.82 m,0,0,1,2,0,1,0,2,0,1995,21,Female,Turkish,,,1.971096649,4.931034483,1.473295256,4.169491525,1.532999566,6,1.154700538,1.333333333,1.00593477,4,1.844860095,4,1.069044968,0.058645307,-0.049842854
139,NIKON D90,AF-S DX VR Zoom-Nikkor 18-105mm f/3.5-5.6G ED,1/125,11,125,105.0 mm,157 mm,2.82 m,0,0,2,2,0,0,0,0,0,1994,22,Female,Turkish,,,2.041671515,3.590163934,1.745251168,4.016129032,1.498545037,4.466666667,1.395715802,2.524590164,1.555705171,4.75,1.536284313,3.35,0.988493118,0.03917008,-0.000295957
151,NIKON D90,AF-S DX VR Zoom-Nikkor 18-105mm f/3.5-5.6G ED,1/125,11,125,105.0 mm,157 mm,2.82 m,0,0,0,2,0,0,1,0,0,1992,23,Female,Turkish,,,2.243636168,4.241935484,1.861477325,4.967213115,1.401989219,5.704918033,1.188055306,1.62295082,1.019214312,3.396825397,1.651389274,3.904761905,0.855990008,0.057119309,-0.002894728
152,NIKON D90,AF-S DX VR Zoom-Nikkor 18-105mm f/3.5-5.6G ED,1/125,11,125,105.0 mm,157 mm,2.82 m,0,0,1,0,0,0,0,1,0,1992,24,Female,Turkish,,,2.020349016,2.13559322,1.15157504,3.93442623,1.691831872,3.459016393,1.544601033,3.548387097,1.761867669,4.180327869,1.59695749,4.271186441,0.805808835,0.051124778,0.015280231
153,NIKON D90,AF-S DX VR Zoom-Nikkor 18-105mm f/3.5-5.6G ED,1/125,11,125,105.0 mm,157 mm,2.82 m,0,0,2,0,0,1,0,0,0,1995,21,Female,Turkish,61,168,1.995030634,2.633333333,1.413814011,4.442622951,1.511341459,4.129032258,1.552194332,3.081967213,1.899956859,3.852459016,1.536620378,3.576271186,0.932245895,0.039720141,-0.005479447
154,NIKON D90,AF-S DX VR Zoom-Nikkor 18-105mm f/3.5-5.6G ED,1/125,11,125,105.0 mm,157 mm,2.82 m,0,0,2,2,0,0,0,0,0,1994,22,Female,Turkish,61,170,1.96136886,4.133333333,1.48970099,4.540983607,1.336335418,5.163934426,1.306143533,2.245901639,1.47936628,4.262295082,1.315315416,3.883333333,0.884741975,0.035817386,-0.015002401
155,NIKON D90,AF-S DX VR Zoom-Nikkor 18-105mm f/3.5-5.6G ED,1/125,13,125,105.0 mm,157 mm,2.82 m,0,0,1,0,0,1,0,0,0,1995,20,Female,Turkish,,,1.86709226,2.357142857,1.271056417,3.854545455,1.470930441,4.178571429,1.322630201,2.982142857,1.554946026,3.854545455,1.406574271,4.052631579,0.811107106,0.043004468,-0.012106771
156,NIKON D90,AF-S DX VR Zoom-Nikkor 18-105mm f/3.5-5.6G ED,1/125,13,125,105.0 mm,157 mm,2.82 m,0,0,2,0,0,0,0,0,0,1995,21,Female,Turkish,44,163,1.83095117,2.435483871,1.584980403,3.048387097,1.76883234,3.666666667,1.622580772,3.147540984,1.54742868,3.868852459,1.564985728,4.147540984,0.945798879,0.038675511,-0.023540132
158,NIKON D90,AF-S DX VR Zoom-Nikkor 18-105mm f/3.5-5.6G ED,1/125,13,125,98.0 mm,147 mm,2.82 m,0,0,0,1,0,0,0,0,0,1992,24,Female,Turkish,,,2.39239221,1.741935484,0.922140843,3.262295082,1.833954192,2.952380952,1.312822267,4.032258065,1.916004568,4.096774194,1.646752168,3.806451613,0.865338173,0.097755766,0.039453562
164,NIKON D90,AF-S DX VR Zoom-Nikkor 18-105mm f/3.5-5.6G ED,1/125,11,125,105.0 mm,157 mm,2.82 m,0,0,0,0,0,0,0,0,0,1995,21,Female,Turkish,,,1.965656383,3.655172414,1.516595034,3.280701754,1.250062655,4.706896552,1.600533033,2.050847458,1.25153325,4.93442623,1.547781773,4.081967213,0.971169089,0.027195834,-0.016859123
170,NIKON D90,AF-S DX VR Zoom-Nikkor 18-105mm f/3.5-5.6G ED,1/125,13,125,105.0 mm,157 mm,2.82 m,0,0,1,1,0,0,0,0,0,1995,21,Female,Turkish,,,1.970506135,3.5,1.523822135,3.967741935,1.588563037,4.73015873,1.272619209,2.5,1.308382363,3.85483871,1.469323187,3.639344262,1.049329737,0.042884025,-0.030668195
176,NIKON D90,AF-S DX VR Zoom-Nikkor 18-105mm f/3.5-5.6G ED,1/125,11,125,105.0 mm,157 mm,2.82 m,0,0,1,0,0,0,0,0,0,1996,20,Female,Turkish,69,177,2.03787987,2.593220339,1.59869175,4.762711864,1.557395959,3.74137931,1.457712036,4.315789474,1.774400248,3.672413793,1.720749847,3.833333333,0.905101674,0.046696522,-0.020551411
178,NIKON D90,AF-S DX VR Zoom-Nikkor 18-105mm f/3.5-5.6G ED,1/125,11,125,105.0 mm,157 mm,2.82 m,0,0,1,1,0,2,1,0,0,1997,19,Female,Turkish,64,177,1.946711832,3.296296296,1.808049399,4.722222222,1.67576135,4.309090909,1.793741458,3.01754386,1.80763488,3.571428571,1.559220585,3.824561404,0.947229174,0.037729574,-0.01449091
183,NIKON D90,AF-S DX VR Zoom-Nikkor 18-105mm f/3.5-5.6G ED,1/125,11,125,105.0 mm,157 mm,2.82 m,0,0,1,0,0,0,0,0,0,1994,22,Female,Turkish,,,2.090921431,2.639344262,1.527882924,3.048387097,1.430664403,3.830508475,1.498879379,3.25,1.663414907,4.196721311,1.710941964,4.4,0.717812118,0.033125482,0.003452971
185,NIKON D90,AF-S DX VR Zoom-Nikkor 18-105mm f/3.5-5.6G ED,1/125,11,125,105.0 mm,157 mm,2.82 m,0,0,2,0,0,0,0,0,0,1996,20,Female,Turkish,63,167,1.866398146,3.189655172,1.801138982,2.827586207,1.23028924,4.086206897,1.536508719,2.271186441,1.495170484,4.603448276,1.653700318,3.771929825,0.886758621,0.053544312,-0.038487569
186,NIKON D90,AF-S DX VR Zoom-Nikkor 18-105mm f/3.5-5.6G ED,1/125,11,125,105.0 mm,157 mm,2.82 m,0,0,1,2,0,"1,2",0,0,1,1994,22,Female,Turkish,,,2.173574845,2.879310345,1.556847762,3.894736842,1.484253186,3.803571429,1.656059319,3.649122807,1.663593658,3.964285714,1.488920118,3.642857143,1.118904845,0.054382103,0.018959309
188,NIKON D90,AF-S DX VR Zoom-Nikkor 18-105mm f/3.5-5.6G ED,1/125,11,125,105.0 mm,157 mm,2.82 m,0,0,2,0,0,0,0,0,0,1996,20,Female,Turkish,64,180,1.880726571,2.709677419,1.323025554,3.123076923,1.718535826,3.721311475,1.539817603,2.873015873,1.660665078,3.419354839,1.510057942,3.825396825,0.959497223,0.034026955,-0.025959655
190,NIKON D90,AF-S DX VR Zoom-Nikkor 18-105mm f/3.5-5.6G ED,1/125,13,125,105.0 mm,157 mm,2.82 m,0,0,1,2,0,0,0,0,0,1994,21,Female,Turkish,,,2.100175349,3.224137931,1.622680298,4.593220339,1.509951404,3.965517241,1.566821761,3.389830508,1.829046757,4.050847458,1.56935885,3.610169492,0.982904723,0.036418879,0.005163929
196,NIKON D90,AF-S DX VR Zoom-Nikkor 18-105mm f/3.5-5.6G ED,1/125,11,125,98.0 mm,147 mm,2.82 m,0,0,1,2,0,0,0,0,0,1994,22,Female,Turkish,,,1.979536862,4.338709677,1.81923735,4.283333333,1.49679507,5.310344828,1.441330971,2.050847458,1.443460029,4.288135593,1.608713852,4.14516129,0.865490938,0.038434916,0.000628572
197,NIKON D90,AF-S DX VR Zoom-Nikkor 18-105mm f/3.5-5.6G ED,1/125,11,125,105.0 mm,157 mm,2.82 m,0,0,1,2,0,0,0,0,0,1987,29,Female,Turkish,,,1.832490172,5.06557377,1.470474441,4.573770492,1.657900443,5.661290323,1.200321656,1.714285714,1.006888715,5.063492063,1.35447902,3.951612903,0.913064007,0.033094673,-0.024426777
199,NIKON D90,AF-S DX VR Zoom-Nikkor 18-105mm f/3.5-5.6G ED,1/125,11,125,105.0 mm,157 mm,2.82 m,0,0,2,2,0,0,0,1,0,1995,21,Female,Turkish,,,2.029098333,3.25,1.598294546,3.912280702,1.503337974,4.745454545,1.46841035,2,1.088662108,4.561403509,1.388955721,4.055555556,0.940025425,0.039110111,-0.012233436
200,NIKON D90,AF-S DX VR Zoom-Nikkor 18-105mm f/3.5-5.6G ED,1/125,10,125,105.0 mm,157 mm,2.82 m,0,0,2,0,0,1,0,0,0,1996,20,Female,Turkish,58,159,1.940187158,1.721311475,0.985412731,3.393442623,1.725096022,2.779661017,1.651204332,4.050847458,1.716288385,3.305084746,1.476882052,4.233333333,0.927300925,0.032453454,-0.017021157
205,NIKON D90,AF-S DX VR Zoom-Nikkor 18-105mm f/3.5-5.6G ED,1/125,11,125,105.0 mm,157 mm,2.82 m,0,0,1,0,0,0,0,0,0,1996,20,Female,Turkish,58,172,1.970992721,1.839285714,1.140602484,2.714285714,1.569183757,2.945454545,1.626381826,3.910714286,1.831807708,3.785714286,1.603567451,4.277777778,0.762732592,0.045166789,-0.036753248
206,NIKON D90,AF-S DX VR Zoom-Nikkor 18-105mm f/3.5-5.6G ED,1/125,11,125,105.0 mm,157 mm,2.82 m,0,0,2,0,0,0,1,0,0,1995,21,Female,Turkish,47,160,1.955831159,2.179104478,1.358758046,2.014925373,1.308394081,3.104477612,1.606184339,2.5,1.625358743,3.720588235,1.867599531,3.454545455,1.069605509,0.043226872,-0.032125271
212,NIKON D90,AF-S DX VR Zoom-Nikkor 18-105mm f/3.5-5.6G ED,1/100,13,125,105.0 mm,157 mm,2.82 m,0,1,0,2,0,0,0,0,0,1993,22,Female,Turkish,,,1.814083075,3.298245614,1.87049375,3.672413793,1.658449191,4.642857143,1.823369223,1.964912281,1.388278897,4.392857143,1.7957381,4.666666667,0.475594866,,
213,NIKON D90,AF-S DX VR Zoom-Nikkor 18-105mm f/3.5-5.6G ED,1/125,13,125,105.0 mm,157 mm,2.82 m,0,0,1,0,0,1,0,0,0,1993,22,Female,Turkish,,,1.995124685,5.533333333,4.077497848,4.147540984,1.579409864,4.93442623,1.376818222,2.216666667,1.354110712,4.950819672,1.499180104,3.950819672,0.920619891,0.033577912,-0.017610521
219,NIKON D90,AF-S DX VR Zoom-Nikkor 18-105mm f/3.5-5.6G ED,1/125,11,125,105.0 mm,157 mm,2.82 m,0,0,2,1,0,0,0,0,0,1996,20,Female,Turkish,60,160,2.003680277,3.233333333,1.807392228,4.466666667,1.84544025,4.233333333,1.577024302,4.442622951,3.34427167,3.516666667,1.408108079,3.06779661,0.997659447,0.038792338,-0.033128143
221,NIKON D90,AF-S DX VR Zoom-Nikkor 18-105mm f/3.5-5.6G ED,1/125,11,125,105.0 mm,157 mm,2.82 m,0,1,0,0,0,0,0,0,0,1997,19,Female,Turkish,60,170,1.799986599,1.586206897,0.955767034,2.86440678,1.675972462,2.915254237,1.764478389,3.672131148,1.841388167,3.491525424,1.590628604,3.06779661,1.324365909,,
227,NIKON D90,AF-S DX VR Zoom-Nikkor 18-105mm f/3.5-5.6G ED,1/125,11,125,105.0 mm,157 mm,2.82 m,0,0,2,0,0,0,0,0,1,1996,20,Female,Turkish,55,165,1.838981546,2.174603175,1.17142982,2.825396825,1.508467312,3.596774194,1.476145595,2.841269841,1.536715698,3.548387097,1.387029133,2.428571429,0.979043076,0.05482813,-0.015908877
232,NIKON D90,AF-S DX VR Zoom-Nikkor 18-105mm f/3.5-5.6G ED,1/125,11,125,105.0 mm,157 mm,2.82 m,0,0,2,0,0,0,0,0,0,1996,20,Female,Turkish,52,170,1.836176095,2.803278689,1.458534334,4.084745763,1.545718621,3.694915254,1.405092184,2.716666667,1.552381076,4.406779661,1.415659272,3.95,0.768555766,0.03763958,-0.012462057
238,NIKON D90,AF-S DX VR Zoom-Nikkor 18-105mm f/3.5-5.6G ED,1/125,11,125,105.0 mm,157 mm,2.82 m,0,0,2,0,0,0,0,0,0,1996,20,Female,Turkish,52,163,2.31225509,2.171875,1.507175299,4.112903226,2.057412339,3.532258065,1.743538346,3.569230769,1.793819518,2.921875,1.626220543,3.31147541,1.133445832,0.062554648,-0.011054618
239,NIKON D90,AF-S DX VR Zoom-Nikkor 18-105mm f/3.5-5.6G ED,1/125,11,125,98.0 mm,147 mm,2.82 m,0,0,1,2,0,1,0,0,0,1994,22,Female,Turkish,,,1.990195173,4.15,1.76428792,4.566666667,1.619444,5.033898305,1.286080677,1.952380952,1.069044968,3.796610169,1.270075494,2.639344262,0.983747713,0.03322326,-0.029161207
256,NIKON D90,AF-S DX VR Zoom-Nikkor 18-105mm f/3.5-5.6G ED,1/125,13,125,105.0 mm,157 mm,2.82 m,0,0,0,2,0,0,2,0,0,1995,20,Female,Turkish,,,1.911734032,5.148148148,1.558995896,4.264150943,1.416264635,5.962264151,1.1259571,1.264150943,0.683625612,4.679245283,1.516240098,3.811320755,0.961901238,0.04793013,-0.02654706
258,NIKON D90,AF-S DX VR Zoom-Nikkor 18-105mm f/3.5-5.6G ED,1/125,11,125,105.0 mm,157 mm,2.82 m,0,0,1,0,0,0,0,0,0,1996,20,Female,Turkish,58,165,1.934181315,2.385964912,1.35954806,3.568965517,1.601666555,3.666666667,1.618347187,2.929824561,1.602003758,4.456140351,1.488889512,4.107142857,0.755069447,0.035709813,-0.004877699
272,NIKON D90,AF-S DX VR Zoom-Nikkor 18-105mm f/3.5-5.6G ED,1/125,11,125,98.0 mm,147 mm,2.82 m,0,1,0,0,0,0,0,0,0,1993,23,Female,Turkish,,,1.994661903,1.55,1.141289785,4.193548387,1.90632003,2.661290323,1.828226305,4.918032787,2.099960968,3.196721311,1.814935005,4.14516129,1.021839778,,
275,NIKON D90,AF-S DX VR Zoom-Nikkor 18-105mm f/3.5-5.6G ED,1/125,11,125,105.0 mm,157 mm,2.82 m,0,0,1,0,0,0,0,0,0,1995,21,Female,Turkish,54,165,2.040253275,3.4,1.607187247,3.576271186,1.302562327,4.779661017,1.204414246,1.933333333,1.233249348,4.716666667,1.48542828,4.416666667,0.71997332,0.040816275,-0.021810498
282,NIKON D90,AF-S DX VR Zoom-Nikkor 18-105mm f/3.5-5.6G ED,1/125,11,125,105.0 mm,157 mm,2.82 m,0,0,1,0,0,0,0,0,0,1996,20,Female,Turkish,50,162,1.983027765,1.533333333,1.080907758,3.93442623,2.128135745,2.14516129,1.32870915,4.85483871,1.906389379,2.93220339,1.518443018,3.492063492,1.06063,0.044617289,-0.014431395
286,NIKON D90,AF-S DX VR Zoom-Nikkor 18-105mm f/3.5-5.6G ED,1/125,11,125,98.0 mm,147 mm,2.82 m,0,0,1,0,0,0,0,0,0,1994,22,Female,Turkish,65,164,2.082099867,1.709677419,0.998147411,3.328125,1.75530658,3.142857143,1.543531172,3.603174603,1.540210318,3.290322581,1.540567245,3.741935484,1.023261963,0.030309053,-0.012093943
299,NIKON D90,AF-S DX VR Zoom-Nikkor 18-105mm f/3.5-5.6G ED,1/125,13,125,105.0 mm,157 mm,2.82 m,0,0,1,0,0,1,2,0,0,1992,24,Female,Turkish,,,1.834238734,3.5,1.694912173,3.767857143,1.629177946,4.642857143,1.494578949,2.5,1.417311515,4.017241379,1.480770062,4.254545455,0.672699972,0.048860311,-0.045416362
302,NIKON D90,AF-S DX VR Zoom-Nikkor 18-105mm f/3.5-5.6G ED,1/125,11,125,105.0 mm,157 mm,2.82 m,0,0,1,0,0,0,0,0,0,1994,22,Female,Turkish,,,2.259156883,2.589285714,1.345386537,3.701754386,1.657934518,3.464285714,1.476658214,3.070175439,1.667543629,4.228070175,1.295838723,3.877192982,1.070216524,0.049529737,0.008443665
303,NIKON D90,AF-S DX VR Zoom-Nikkor 18-105mm f/3.5-5.6G ED,1/125,11,125,80.0 mm,120 mm,2.82 m,0,0,1,0,0,0,1,0,0,1995,21,Female,Turkish,96,173,1.98354864,1.421052632,0.730639847,3.684210526,1.824025128,2.559322034,1.611073603,4.766666667,1.807392228,3,1.706540566,3.694915254,1.118099331,0.049872884,-0.000879159
304,NIKON D90,AF-S DX VR Zoom-Nikkor 18-105mm f/3.5-5.6G ED,1/125,11,125,105.0 mm,157 mm,2.82 m,0,0,1,2,0,0,0,0,0,1994,22,Female,Turkish,,,1.892898993,4.590163934,1.646987646,5.433333333,1.306653984,4.770491803,1.637003794,3.06557377,1.806182461,3.475409836,1.628972656,3.416666667,1.093767655,0.035699479,-0.032089515
305,NIKON D90,AF-S DX VR Zoom-Nikkor 18-105mm f/3.5-5.6G ED,1/125,11,125,105.0 mm,157 mm,2.82 m,0,0,0,2,0,0,0,0,0,1993,22,Female,Turkish,,,1.827300135,3.921875,1.757565845,5.047619048,1.223803846,4.952380952,1.55986529,2.126984127,1.373623223,3.920634921,1.383095958,3.890625,0.892956344,0.036529741,-0.034779006
307,NIKON D90,AF-S DX VR Zoom-Nikkor 18-105mm f/3.5-5.6G ED,1/125,10,125,105.0 mm,157 mm,2.82 m,0,0,1,0,0,0,0,0,0,1995,21,Female,Turkish,63,168,1.953887807,3.047619048,1.55986529,4.112903226,1.46102186,4.016129032,1.207788054,2.984375,1.517016574,4.079365079,1.548168401,4.225806452,0.687579619,0.043131404,-0.041897231
309,NIKON D90,AF-S DX VR Zoom-Nikkor 18-105mm f/3.5-5.6G ED,1/125,10,125,105.0 mm,157 mm,2.82 m,0,0,1,2,0,0,0,0,0,1995,21,Female,Turkish,48,168,1.956802375,4.614035088,1.460850852,4,1.339068127,5.362068966,1.280053122,1.573770492,0.825813062,4.383333333,1.637398377,3.965517241,0.836985343,0.023707414,-0.02043034
310,NIKON D90,AF-S DX VR Zoom-Nikkor 18-105mm f/3.5-5.6G ED,1/125,13,125,98.0 mm,147 mm,2.82 m,0,0,1,0,0,0,0,0,0,1996,20,Female,Turkish,50,167,1.962872322,3.701754386,1.438810425,3.50877193,1.135825801,4.678571429,1.538678806,1.964912281,1.224233175,4.534482759,1.47749809,3.964912281,0.844412566,0.039104399,-0.032519361
323,NIKON D90,AF-S DX VR Zoom-Nikkor 18-105mm f/3.5-5.6G ED,1/125,11,125,98.0 mm,147 mm,2.82 m,0,0,1,0,0,0,0,0,1,1993,23,Female,Turkish,,,1.924922471,5.163636364,1.343897543,4.372881356,1.324807144,5.660714286,1.210210886,1.457627119,0.750219138,4.842105263,1.461279695,3.824561404,0.888875835,0.03902601,-0.037177474
330,NIKON D90,AF-S DX VR Zoom-Nikkor 18-105mm f/3.5-5.6G ED,1/125,13,125,105.0 mm,157 mm,2.82 m,0,0,1,1,0,"1,2,4",0,0,0,1995,21,Female,Turkish,,,1.972716655,2.363636364,1.474254582,4.634920635,1.629383292,3.26984127,1.588327881,4.015625,1.864387959,3.328125,1.564027032,3.40625,1.108677891,0.038653042,-0.015961298
334,NIKON D90,AF-S DX VR Zoom-Nikkor 18-105mm f/3.5-5.6G ED,1/125,11,125,105.0 mm,157 mm,2.82 m,0,0,2,0,0,1,1,0,0,1996,20,Female,Turkish,50,177,2.048116332,2.886792453,1.476226704,4.754716981,1.616092871,4.076923077,1.29624123,3.452830189,1.738324102,3.418181818,1.461745647,3.735849057,0.901941142,0.048918721,-0.048983899
340,NIKON D90,AF-S DX VR Zoom-Nikkor 18-105mm f/3.5-5.6G ED,1/125,11,125,105.0 mm,157 mm,2.82 m,0,0,0,0,0,0,0,0,0,1996,20,Female,Turkish,63,169,2.118097211,2.590163934,1.41865017,3.508196721,1.478996854,3.754098361,1.619215218,4.516666667,3.055928757,4.098360656,1.491139587,4.083333333,0.888565148,0.040260139,-0.027995533
341,NIKON D90,AF-S DX VR Zoom-Nikkor 18-105mm f/3.5-5.6G ED,1/125,11,125,105.0 mm,157 mm,2.82 m,0,0,1,0,0,0,0,0,0,1996,20,Female,Turkish,61,168,1.983773911,3.583333333,1.53260238,4.295081967,1.686656083,4.783333333,1.378917122,2.193548387,1.303698518,4.419354839,1.420556196,4.098360656,0.72353111,0.036853268,-0.019107295
345,NIKON D90,AF-S DX VR Zoom-Nikkor 18-105mm f/3.5-5.6G ED,,,126,105.0 mm,157 mm,,0,0,1,1,0,0,0,0,0,1996,20,Female,Turkish,56,167,1.846765376,3.344827586,1.595517011,3.576271186,1.464562896,4.711864407,1.352530801,2.593220339,1.521327053,4.172413793,1.579894856,4.051724138,0.825522988,0.033551719,-0.029636015
352,NIKON D90,AF-S DX VR Zoom-Nikkor 18-105mm f/3.5-5.6G ED,1/125,10,160,105.0 mm,157 mm,2.82 m,0,0,1,2,0,0,0,0,0,1993,23,Female,Turkish,,,2.156855096,5.228070175,2.809534429,3.15,1.866974349,5.150943396,1.48578167,1.517857143,0.894245674,5.421052632,1.569205536,4.303571429,0.892792205,0.056142521,-0.006565418
355,NIKON D90,AF-S DX VR Zoom-Nikkor 18-105mm f/3.5-5.6G ED,1/125,10,125,105.0 mm,157 mm,2.82 m,0,0,1,0,0,0,1,0,0,1995,21,Female,Turkish,65,165,2.112616621,2.147540984,1.314484253,4.583333333,1.759156834,3.442622951,1.58665886,4.196721311,1.67152298,3.816666667,1.692372386,4.183333333,0.812855746,0.042857031,-0.003920599
363,NIKON D90,AF-S DX VR Zoom-Nikkor 18-105mm f/3.5-5.6G ED,1/125,11,125,105.0 mm,157 mm,2.82 m,0,0,0,0,0,0,1,0,1,1995,21,Female,Turkish,,,2.125384582,3.636363636,1.703630506,3.890909091,1.409921554,4.482142857,1.513467679,1.964285714,1.220495961,4.49122807,1.582525186,3.910714286,0.879602921,0.056966153,-0.006192462
365,NIKON D90,AF-S DX VR Zoom-Nikkor 18-105mm f/3.5-5.6G ED,1/125,13,125,105.0 mm,157 mm,2.82 m,0,0,0,2,0,1,1,0,0,1995,20,Female,Turkish,,,1.884827243,4.589285714,1.875941322,5.333333333,1.414213562,5.854545455,1.025926534,1.836363636,1.475273187,2.8,1.603237465,4.2,1.007380174,0.042616842,-0.027324249
366,NIKON D90,AF-S DX VR Zoom-Nikkor 18-105mm f/3.5-5.6G ED,1/125,11,125,105.0 mm,157 mm,2.82 m,0,0,2,0,0,0,0,0,0,1995,21,Female,Turkish,45,157,1.937233129,2.298245614,1.349138777,3.75,2.011331535,3.578947368,1.438592671,5.175438596,3.042102228,3.701754386,1.591999106,2.754385965,0.968811897,0.028753749,-0.018646505
369,NIKON D90,AF-S DX VR Zoom-Nikkor 18-105mm f/3.5-5.6G ED,1/125,13,125,105.0 mm,157 mm,2.82 m,0,0,1,2,0,1,0,0,0,1994,21,Female,Turkish,,,1.824805231,4.107142857,1.370846738,4.372881356,1.437170413,5.086206897,1.341437861,1.842105263,1.146259035,4.810344828,1.176627601,3.603448276,0.972240227,0.044178037,-0.029661606
374,NIKON D90,AF-S DX VR Zoom-Nikkor 18-105mm f/3.5-5.6G ED,1/125,11,125,105.0 mm,157 mm,2.82 m,0,0,0,0,0,1,1,0,0,1993,23,Female,Turkish,,,1.771052852,4.516129032,1.445648479,4.015873016,1.518616343,5.15625,1.427827187,2.031746032,1.163535407,5.075757576,1.470851204,4.174603175,0.730436956,0.035803408,-0.029768187
377,NIKON D90,AF-S DX VR Zoom-Nikkor 18-105mm f/3.5-5.6G ED,1/125,11,125,98.0 mm,147 mm,2.82 m,0,0,0,2,0,0,0,0,0,1994,22,Female,Turkish,,,2.072968315,2.438596491,1.295838723,4.224137931,1.654797422,4.266666667,1.424562575,3.084745763,1.694698993,2.9,1.297977566,3.965517241,0.815755322,0.040548982,-0.003280333
378,NIKON D90,AF-S DX VR Zoom-Nikkor 18-105mm f/3.5-5.6G ED,1/125,11,125,98.0 mm,147 mm,2.82 m,0,0,0,0,0,0,0,0,0,1994,22,Female,Turkish,,,1.949718984,2.928571429,1.682607747,3.660714286,1.598599224,3.6,1.422048601,2.910714286,1.643464032,3.672727273,1.440865808,3.928571429,0.759357213,0.034902666,-0.03029072
380,NIKON D90,AF-S DX VR Zoom-Nikkor 18-105mm f/3.5-5.6G ED,1/125,11,125,105.0 mm,157 mm,2.82 m,0,1,1,0,0,0,0,0,0,1994,22,Female,Turkish,52,158,1.957446737,2.666666667,1.694393031,4.634920635,1.505919367,3.396825397,1.561013758,3.564516129,1.938572804,3.5,1.593638146,3.619047619,0.923327982,0.031864618,-0.019669488
382,NIKON D90,AF-S DX VR Zoom-Nikkor 18-105mm f/3.5-5.6G ED,1/125,11,125,105.0 mm,157 mm,2.82 m,0,0,1,0,0,0,0,0,0,1995,21,Female,Turkish,55,167,1.854521713,1.690909091,1.184353665,5,1.640399065,2.709090909,1.640604307,4.631578947,2.02335982,2.672727273,1.440865808,3.571428571,1.125847444,0.04705206,-0.017900348
386,NIKON D90,AF-S DX VR Zoom-Nikkor 18-105mm f/3.5-5.6G ED,1/125,13,125,105.0 mm,157 mm,2.82 m,0,0,0,2,0,0,0,2,0,1994,22,Female,Turkish,,,2.149091891,3.050847458,1.68588183,5.548387097,1.301668782,3.838709677,1.830466646,3.983333333,1.827211144,3.409836066,1.563937863,3.866666667,0.812334294,0.073153263,0.010019706
393,NIKON D90,AF-S DX VR Zoom-Nikkor 18-105mm f/3.5-5.6G ED,,,126,105.0 mm,157 mm,,0,0,0,1,0,0,0,0,0,1992,23,Female,Turkish,,,1.984509321,3.322033898,1.70638434,4.65,1.424066748,4.423728814,1.499464155,3.169491525,1.922216235,3.796610169,1.423687066,4.220338983,0.810870044,0.030143039,-0.00435011
395,NIKON D90,AF-S DX VR Zoom-Nikkor 18-105mm f/3.5-5.6G ED,1/125,13,125,105.0 mm,157 mm,2.82 m,0,0,0,0,0,0,0,0,0,1995,21,Female,Turkish,,,2.060492116,3.793650794,1.557072627,3.640625,1.372833791,4.603174603,1.37418225,2.419354839,1.349540141,5.080645161,1.334269458,4.161290323,0.682174642,0.051211799,0.013819196
398,NIKON D90,AF-S DX VR Zoom-Nikkor 18-105mm f/3.5-5.6G ED,1/125,10,125,105.0 mm,157 mm,2.82 m,0,0,2,0,0,0,0,0,0,1995,21,Female,Turkish,52,165,2.056276989,2.857142857,1.457540381,4.677419355,1.352280327,3.952380952,1.485723148,3.508196721,1.747597883,3.793650794,1.471873177,3.96875,0.8723031,0.037032583,-0.021976261
404,NIKON D90,AF-S DX VR Zoom-Nikkor 18-105mm f/3.5-5.6G ED,1/125,11,125,105.0 mm,157 mm,2.82 m,0,0,1,2,0,3,0,0,0,1994,22,Female,Turkish,,,1.987420935,2.633333333,1.314413792,4.639344262,1.43797064,3.666666667,1.569482984,3.868852459,1.793278281,3.637931034,1.693105481,3.716666667,1.026623009,0.034684852,-0.004087022
405,NIKON D90,AF-S DX VR Zoom-Nikkor 18-105mm f/3.5-5.6G ED,1/125,11,125,105.0 mm,157 mm,2.82 m,0,0,0,0,0,0,0,0,0,1994,22,Female,Turkish,,,1.898280153,2.083333333,1.211409974,3.806451613,1.576868755,3.406779661,1.576974887,3.327868852,1.535375214,3.716666667,1.51927354,3.475409836,1.07403534,0.039964609,-0.003744385
419,NIKON D90,AF-S DX VR Zoom-Nikkor 18-105mm f/3.5-5.6G ED,1/125,11,125,105.0 mm,157 mm,2.82 m,0,0,1,2,0,1,0,0,0,1994,22,Female,Turkish,59,170,1.890026001,2.257575758,1.244193975,4.454545455,1.326439052,3.6,1.589024858,3.4,1.757128339,3.268656716,1.409729069,4.015151515,0.831910207,0.054504933,-0.031424454
424,NIKON D90,AF-S DX VR Zoom-Nikkor 18-105mm f/3.5-5.6G ED,,,126,105.0 mm,157 mm,,0,0,0,0,0,0,0,0,0,1993,22,Female,Turkish,,,1.911395111,3.545454545,1.675732917,4.333333333,1.243852809,4.648148148,1.519153282,2.125,1.236747935,3.781818182,1.559806601,4.272727273,0.679175575,0.037853339,-0.040135037
427,NIKON D90,AF-S DX VR Zoom-Nikkor 18-105mm f/3.5-5.6G ED,1/125,11,125,105.0 mm,157 mm,2.82 m,0,0,1,2,0,1,0,0,0,1995,21,Female,Turkish,,,1.959914902,4.174603175,1.708986519,4.35,1.33816216,5.049180328,1.203137974,1.881355932,1.160926291,4.31147541,1.522508715,3.55,0.891104818,0.032847983,-0.026750852
429,NIKON D90,AF-S DX VR Zoom-Nikkor 18-105mm f/3.5-5.6G ED,1/125,13,125,105.0 mm,157 mm,2.82 m,0,0,1,0,0,0,0,0,0,1996,20,Female,Turkish,54,155,2.114136663,2.216666667,1.059127666,3.431034483,1.623425758,3.483333333,1.37152231,2.830508475,1.452139235,3.711864407,1.462766008,4.112903226,0.726655007,0.05191017,-0.045807355
434,NIKON D90,AF-S DX VR Zoom-Nikkor 18-105mm f/3.5-5.6G ED,1/125,13,125,92.0 mm,138 mm,2.82 m,0,0,0,2,0,0,2,0,1,1995,21,Female,Turkish,,,2.024425806,3.74137931,1.691675644,3.385964912,1.145712286,4.793103448,1.166169629,2.206896552,1.334542706,4.534482759,1.512700817,3.689655172,0.882717029,0.058013377,0.00883207
441,NIKON D90,AF-S DX VR Zoom-Nikkor 18-105mm f/3.5-5.6G ED,,,126,105.0 mm,157 mm,,0,0,2,1,0,0,0,0,0,1995,21,Female,Turkish,55,175,1.835930247,1.709677419,0.998147411,3.258064516,1.697978392,3.523809524,1.758455544,3.46031746,1.654177476,3.301587302,1.520132853,3.079365079,1.082136288,0.057664566,-0.048309434
444,NIKON D90,AF-S DX VR Zoom-Nikkor 18-105mm f/3.5-5.6G ED,,,126,92.0 mm,138 mm,,0,0,1,2,0,1,0,0,0,1995,21,Female,Turkish,58,166,1.878322183,3.05,1.556016208,4.516129032,1.565424946,4.459016393,1.489673012,3.412698413,1.487961592,3.704918033,1.464516556,4.1,0.857667313,0.041223881,-0.026952866
447,NIKON D90,AF-S DX VR Zoom-Nikkor 18-105mm f/3.5-5.6G ED,,,126,105.0 mm,157 mm,,0,0,1,1,0,0,0,0,1,1995,21,Female,Turkish,70,169,2.094191831,2.767857143,1.572387547,4.927272727,1.653890424,4.833333333,1.563136663,2.607142857,1.754770862,3.642857143,1.506695016,3.925925926,1.025189386,0.049977479,0.008382505
452,NIKON D90,AF-S DX VR Zoom-Nikkor 18-105mm f/3.5-5.6G ED,,,126,105.0 mm,157 mm,,0,0,1,0,0,0,1,0,0,1993,23,Female,Turkish,57,174,1.941629266,4.064516129,1.51355588,4.111111111,1.482272787,4.761904762,1.410951243,2.655737705,1.682114204,3.870967742,1.408217929,3.327868852,0.870274123,0.034447857,-0.032812622
453,NIKON D90,AF-S DX VR Zoom-Nikkor 18-105mm f/3.5-5.6G ED,,,126,105.0 mm,157 mm,,0,0,1,0,0,0,1,0,0,1995,21,Female,Turkish,52,158,1.983012282,3.393442623,1.695864465,3.451612903,1.69548503,4.393442623,1.486367928,2.290322581,1.3716939,3.770491803,1.465076137,4,0.856348839,0.031587772,-0.020126017
454,Canon EOS 6D,Canon EF 24-105mm f/4L IS,1/128,9.9,160,105.0 mm,,,0,1,1,0,0,0,0,0,0,1993,23,Female,Turkish,92,165,1.979006829,2.31147541,1.33592644,4.612903226,1.441252173,3.5,1.596615272,4.047619048,1.640501216,3.836065574,1.540349829,3.629032258,0.979023786,0.036191452,-0.004717234
456,NIKON D90,AF-S DX VR Zoom-Nikkor 18-105mm f/3.5-5.6G ED,,,126,105.0 mm,157 mm,,0,0,1,0,0,1,0,0,0,1995,21,Female,Turkish,56,169,1.973202144,1.984375,1.09097579,3.682539683,1.624662713,3.183333333,1.478566262,3.327868852,1.670541943,3.587301587,1.509485285,3.064516129,1.291472254,0.036625621,-0.022664967
457,NIKON D90,AF-S DX VR Zoom-Nikkor 18-105mm f/3.5-5.6G ED,1/125,11,125,105.0 mm,157 mm,2.82 m,0,0,2,2,0,0,2,0,0,1992,24,Female,Turkish,49,167,1.868617657,3.387096774,1.77740683,4.126984127,1.601330732,4.266666667,1.655669936,3.016393443,1.658230013,3.754098361,1.629475761,3.26984127,1.110163446,0.044020005,-0.016346369
460,NIKON D90,AF-S DX VR Zoom-Nikkor 18-105mm f/3.5-5.6G ED,,,126,105.0 mm,157 mm,,0,0,2,0,0,0,0,0,0,1993,23,Female,Turkish,63,160,2.066581946,2.435483871,1.249537196,3.616666667,1.48542828,3.516666667,1.523729442,3.295081967,1.735360311,3.852459016,1.503729426,4.360655738,0.633318953,0.032029264,-0.006604364
465,NIKON D90,AF-S DX VR Zoom-Nikkor 18-105mm f/3.5-5.6G ED,,,126,105.0 mm,157 mm,,0,0,1,2,0,1,1,0,0,1993,23,Female,Turkish,54,165,1.934072104,3.459016393,1.659053651,4.466666667,1.371213327,4.45,1.500564865,2.6,1.291432,3.966666667,1.551015705,3.93220339,0.944391919,0.038262707,-0.025582062
468,NIKON D90,AF-S DX VR Zoom-Nikkor 18-105mm f/3.5-5.6G ED,,,126,105.0 mm,157 mm,,0,0,1,2,0,1,1,0,0,1994,22,Female,Turkish,54,171,1.849863456,5.762711864,1.356198834,5.366666667,1.220817546,6.169491525,1.100979852,1.830508475,1.353826536,4.2,1.570922216,2.360655738,0.876218901,0.032601325,-0.004994468
470,NIKON D90,AF-S DX VR Zoom-Nikkor 18-105mm f/3.5-5.6G ED,,,126,105.0 mm,157 mm,,0,0,1,2,0,0,0,0,0,1992,24,Female,Turkish,56,172,1.827689692,1.839285714,1.005019868,3.071428571,1.582370407,2.631578947,1.409553867,4.362068966,1.783927029,3.25862069,1.358021585,3.690909091,1.168613095,0.049879804,-0.023907224
473,NIKON D90,AF-S DX VR Zoom-Nikkor 18-105mm f/3.5-5.6G ED,,,126,105.0 mm,157 mm,,0,0,1,0,0,0,0,0,0,1995,21,Female,Turkish,52,162,1.865500939,2.089285714,1.179780961,3.2,1.725623881,3.545454545,1.772403493,3.214285714,1.865615041,4.428571429,1.437891674,4.142857143,0.818614604,0.042245996,-0.018859013
474,NIKON D90,AF-S DX VR Zoom-Nikkor 18-105mm f/3.5-5.6G ED,,,126,105.0 mm,157 mm,,0,0,1,0,0,0,0,0,0,1993,23,Female,Turkish,57,174,1.768431084,2.017241379,1.146946814,2.606557377,1.440817922,3.224137931,1.451473582,3.288135593,1.69228317,4.25,1.270593082,3.280701754,0.95906178,0.064852645,-0.035694839
475,NIKON D90,AF-S DX VR Zoom-Nikkor 18-105mm f/3.5-5.6G ED,,,126,105.0 mm,157 mm,,0,0,1,2,0,0,0,0,0,1993,23,Female,Turkish,63,170,1.990477042,2.920634921,1.619454182,5.365079365,1.629383292,4.28125,1.485044492,3.5,1.743841623,2.564516129,1.362506944,2.703125,1.122351379,0.051066,-0.00702462
484,NIKON D90,AF-S DX VR Zoom-Nikkor 18-105mm f/3.5-5.6G ED,,,126,105.0 mm,157 mm,,0,0,1,0,0,0,0,0,0,1995,21,Female,Turkish,58,165,2.015288014,2.733333333,1.424562575,3.467741935,1.501013231,3.457627119,1.512272028,3.393442623,1.625614638,5.050847458,1.237680378,3.816666667,1.0968625,0.034115721,-0.010386965
486,NIKON D90,AF-S DX VR Zoom-Nikkor 18-105mm f/3.5-5.6G ED,,,126,105.0 mm,157 mm,,0,0,1,0,0,0,1,0,0,1993,23,Female,Turkish,54,165,1.987686827,2.388888889,1.534713625,3.618181818,1.407531449,3.333333333,1.492117654,3.892857143,2.015201965,4.490909091,1.39937456,4.125,0.832575413,0.038837675,0.00101558
490,NIKON D90,AF-S DX VR Zoom-Nikkor 18-105mm f/3.5-5.6G ED,1/125,13,125,105.0 mm,157 mm,2.82 m,0,0,1,2,0,0,0,0,0,1995,21,Female,Turkish,48,161,1.894404762,4.865384615,1.54702556,3.811320755,1.468340295,5.545454545,1.068369852,1.867924528,1.19353605,4.527272727,1.43829304,2.901960784,1.100089123,0.03756601,-0.038379815
492,NIKON D90,AF-S DX VR Zoom-Nikkor 18-105mm f/3.5-5.6G ED,,,126,105.0 mm,157 mm,,0,0,1,0,0,0,0,0,0,1992,24,Female,Turkish,69,158,1.940009014,2,1.389181256,4.465517241,1.708754725,3.620689655,1.620348524,3.5,1.709108724,3.771929825,1.547088785,3.666666667,0.932227236,0.044680002,0.002229704
493,Canon EOS 6D,Canon EF 24-105mm f/4L IS,1/128,9.9,160,105.0 mm,,1.93 m,0,0,0,0,1,1,0,0,0,1997,19,Female,Turkish,68,170,1.8784434,1.483870968,0.7408886,2.483333333,1.408108079,2.466666667,1.534536497,4.78125,1.704045141,3.629032258,1.517481423,4.206349206,0.786144741,0.059101275,-0.010267994
497,NIKON D90,AF-S DX VR Zoom-Nikkor 18-105mm f/3.5-5.6G ED,,,126,105.0 mm,157 mm,,0,0,1,1,0,0,0,0,0,1995,21,Female,Turkish,56,163,2.047791949,2.310344828,1.524155176,4.122807018,1.626457318,3.779661017,1.829526004,3.203389831,1.719860269,2.694915254,1.465161369,4.344827586,0.806807095,0.039127313,-0.009572664
502,NIKON D90,AF-S DX VR Zoom-Nikkor 18-105mm f/3.5-5.6G ED,,,126,105.0 mm,157 mm,,0,0,1,0,0,0,0,0,0,1993,23,Female,Turkish,51.8,169,1.911245569,2.107142857,1.460741672,2.5,1.217561555,3.017857143,1.368357628,2.927272727,1.687146895,5,1.33630621,3.666666667,1.13913083,0.035849491,-0.010905655
503,NIKON D90,AF-S DX VR Zoom-Nikkor 18-105mm f/3.5-5.6G ED,,,126,105.0 mm,157 mm,,0,0,1,0,0,0,0,0,0,1995,21,Female,Turkish,51,159,2.055749116,2.45,1.500564865,3.682539683,1.873631947,2.828125,1.291666667,4.016129032,1.778670857,3.446153846,1.468744885,3.225806452,1.136854372,0.045703944,-0.002418931
505,NIKON D90,AF-S DX VR Zoom-Nikkor 18-105mm f/3.5-5.6G ED,,,126,105.0 mm,157 mm,,0,0,1,1,0,2,0,0,0,1993,23,Female,Turkish,67,170,1.857965166,2.672413793,1.47954392,4.362068966,1.851488504,4.25,1.781496229,2.964912281,1.557985332,3.413793103,1.498940945,3.883333333,0.975838043,0.0411656,-0.023781011
513,Canon EOS 6D,Canon EF 24-105mm f/4L IS,1/128,9.9,160,105.0 mm,,,0,0,1,2,0,0,0,0,0,1987,29,Female,Turkish,47,158,1.715909798,2.2,1.324973794,4.442307692,1.673477787,4.111111111,2.00627945,3.109090909,1.832552635,3.240740741,1.478591696,3.722222222,0.998426435,0.053043833,-0.025086808
514,NIKON D90,AF-S DX VR Zoom-Nikkor 18-105mm f/3.5-5.6G ED,,,126,105.0 mm,157 mm,,0,0,1,2,0,0,0,0,0,1992,24,Female,Turkish,59,168,2.20000077,3.203389831,1.749676433,3.85,1.35076877,4.322033898,1.547419186,2.898305085,1.539087451,4.483333333,1.751432021,4.25862069,0.738902572,0.048374965,-0.013348253
521,NIKON D90,AF-S DX VR Zoom-Nikkor 18-105mm f/3.5-5.6G ED,,,126,105.0 mm,157 mm,,0,0,1,0,0,0,0,0,0,1995,21,Female,Turkish,48,162,1.837029882,3.125,1.641091654,3.210526316,1.305713299,4.321428571,1.441049401,2.490909091,1.513797375,4.087719298,1.353312098,3.526315789,1.019545823,0.046234646,-0.023323867
523,NIKON D90,AF-S DX VR Zoom-Nikkor 18-105mm f/3.5-5.6G ED,1/125,11,125,105.0 mm,157 mm,4.22 m,0,0,2,0,0,0,1,0,0,1993,23,Female,Turkish,63,176,1.867445933,2.783333333,1.795395869,3.951612903,1.731363713,3.584615385,1.519583698,3.19047619,1.749259224,3.412698413,1.477082135,3.35483871,0.94255972,0.042826309,-0.041151025
526,NIKON D90,AF-S DX VR Zoom-Nikkor 18-105mm f/3.5-5.6G ED,,,126,105.0 mm,157 mm,,0,0,1,1,0,0,0,0,0,1996,20,Female,Turkish,61,184,1.90540586,2.95,1.731316732,4.564516129,1.704583673,4.163934426,1.540349829,3.163934426,1.603956856,2.983870968,1.431403478,3.95,0.832089467,0.043451287,-0.031135983
527,NIKON D90,AF-S DX VR Zoom-Nikkor 18-105mm f/3.5-5.6G ED,,,126,105.0 mm,157 mm,,0,0,2,2,0,2,0,0,0,1995,21,Female,Other,54,172,2.149278506,4.482142857,1.85855341,5.196428571,1.667002131,5.381818182,1.496797929,2.413793103,1.72732917,2.821428571,1.490663584,2.178571429,0.936281676,0.054863465,-0.035835388
532,NIKON D90,AF-S DX VR Zoom-Nikkor 18-105mm f/3.5-5.6G ED,,,126,105.0 mm,157 mm,,0,0,1,0,0,0,0,0,0,1996,20,Female,Turkish,58,162,1.965900556,4.483333333,1.662055769,3.916666667,1.405698652,5.196721311,1.469916915,1.916666667,1.154088776,4.754098361,1.31219584,3.344262295,1.167408039,0.020879715,-0.017132615
533,NIKON D90,AF-S DX VR Zoom-Nikkor 18-105mm f/3.5-5.6G ED,,,126,105.0 mm,157 mm,,0,0,1,0,0,0,0,0,1,1994,22,Female,Turkish,60,166,1.967024314,2.709090909,1.356366705,5.107142857,1.533606225,3.964285714,1.617678311,5.385964912,3.183407799,3.464285714,1.400834631,2.254545455,1.004032274,0.045671541,-0.012632882
534,NIKON D90,AF-S DX VR Zoom-Nikkor 18-105mm f/3.5-5.6G ED,,,126,105.0 mm,157 mm,,0,0,1,1,0,0,0,0,0,1993,23,Female,Turkish,52,165,1.943491774,4.807017544,1.493301669,4.946428571,1.506587268,5.375,1.287174495,2.206896552,1.495708724,5,1.361816968,3.929824561,0.961019717,0.041345283,-0.023907316
535,NIKON D90,AF-S DX VR Zoom-Nikkor 18-105mm f/3.5-5.6G ED,,,126,105.0 mm,157 mm,,0,0,1,2,0,0,0,0,0,1993,23,Female,Turkish,60,165,1.974269574,3.206896552,1.704057291,4.017241379,1.550227819,4.333333333,1.539171082,2.137931034,1.161491417,3.637931034,1.618947848,4.1,0.656131446,0.039258527,-0.018633239
536,NIKON D90,AF-S DX VR Zoom-Nikkor 18-105mm f/3.5-5.6G ED,1/125,13,125,105.0 mm,157 mm,2.82 m,0,0,1,0,0,0,0,0,0,1993,23,Female,Turkish,70,168,2.140107521,2.1,1.115377872,4.949152542,1.706213077,3.786885246,1.761767617,3.85483871,1.932014783,3.158730159,1.427905631,3.095238095,1.160009534,0.033150104,-0.012421036
537,NIKON D90,AF-S DX VR Zoom-Nikkor 18-105mm f/3.5-5.6G ED,,,126,105.0 mm,157 mm,,0,0,1,0,0,2,0,0,0,1992,24,Female,Turkish,53,170,1.90008223,4.677966102,1.40737807,4.4,1.440338943,5.186440678,1.383082219,2.406779661,1.498489401,4.847457627,1.595398116,3.333333333,0.914416859,0.033991353,-0.028924611
539,NIKON D90,AF-S DX VR Zoom-Nikkor 18-105mm f/3.5-5.6G ED,,,126,105.0 mm,157 mm,,0,0,1,0,0,0,0,0,1,1993,23,Female,Turkish,64,163,2.11762536,3.896551724,1.651045975,4.193548387,1.628020116,4.9,1.336577973,2.35,1.424066748,4.338983051,1.445685251,3.114754098,1.034381629,0.043365169,-0.013778371
542,NIKON D90,AF-S DX VR Zoom-Nikkor 18-105mm f/3.5-5.6G ED,,,126,105.0 mm,157 mm,,0,0,1,2,0,0,0,0,0,1994,22,Female,Turkish,56,161,1.906668866,4.389830508,1.702097582,4.721311475,1.694413837,5.033333333,1.437590577,2.406779661,1.463564898,4.533333333,1.682075662,3.949152542,0.89872954,0.041954581,-0.00456298
2,NIKON D90,AF-S DX VR Zoom-Nikkor 18-105mm f/3.5-5.6G ED,1/125,11,125,105.0 mm,157 mm,2.82 m,0,0,1,0,2,0,0,0,0,1995,21,Male,Turkish,90,177,2.011394204,1.527777778,0.934054048,4.301369863,1.420924303,1.410958904,0.79644377,4.555555556,1.806786026,2.712328767,1.549905481,4.040540541,0.928088169,0.025280981,0.021145151
4,NIKON D90,AF-S DX VR Zoom-Nikkor 18-105mm f/3.5-5.6G ED,1/125,11,125,92.0 mm,138 mm,2.82 m,0,0,2,0,2,0,1,0,0,1996,20,Male,Turkish,80,187,2.059983253,3.08,1.690673942,3.621621622,1.201627922,2.413333333,1.471286745,4.493150685,1.395660812,4.5,1.632293957,4.12,0.83762857,0.04088491,0.022782982
6,NIKON D90,AF-S DX VR Zoom-Nikkor 18-105mm f/3.5-5.6G ED,1/125,11,125,105.0 mm,157 mm,2.82 m,0,0,2,0,2,0,0,0,0,1995,21,Male,Turkish,68,183,1.922984679,3.171052632,1.586511123,3.272727273,1.392048506,2.32,1.386810457,4.571428571,1.332079611,4.025974026,1.693439555,4.285714286,0.704443469,0.036849197,0.013828581
7,NIKON D90,AF-S DX VR Zoom-Nikkor 18-105mm f/3.5-5.6G ED,1/125,11,125,90.0 mm,135 mm,2.82 m,0,0,2,0,2,0,0,0,0,1996,20,Male,Turkish,85,188,1.865981975,2.1875,1.202252633,2.961538462,1.200024975,2.064102564,1.209698294,3.9375,1.31537885,4.303797468,1.40834901,3.875,0.891237229,0.05340309,0.002351166
8,NIKON D90,AF-S DX VR Zoom-Nikkor 18-105mm f/3.5-5.6G ED,1/125,10,125,105.0 mm,157 mm,2.82 m,0,0,1,0,2,0,0,0,0,1995,21,Male,Turkish,64,190,1.92000576,1.766233766,1.212827318,3.597402597,1.378975022,1.884615385,1.28912302,4.038961039,1.802349041,3.168831169,1.507896735,3.551282051,1.064753321,0.036373415,0.017720594
9,NIKON D90,AF-S DX VR Zoom-Nikkor 18-105mm f/3.5-5.6G ED,1/125,11,125,92.0 mm,138 mm,2.82 m,0,0,2,0,2,0,0,0,0,1991,25,Male,Turkish,115,184,2.087048193,1.520547945,0.899221717,5.026666667,1.755095542,1.28,0.76334966,5.573333333,1.444218046,2.918918919,1.523844784,4.44,0.739612755,0.04057297,0.028805768
10,NIKON D90,AF-S DX VR Zoom-Nikkor 18-105mm f/3.5-5.6G ED,1/125,11,125,105.0 mm,157 mm,2.82 m,0,0,2,0,2,0,0,0,0,1995,21,Male,Turkish,85,175,2.082736583,1.621621622,1.056003096,4.225352113,1.741897021,1.438356164,0.912662487,4.866666667,1.638500743,3.01369863,1.409227041,3.783783784,0.99684805,0.041803171,0.024359268
11,NIKON D90,AF-S DX VR Zoom-Nikkor 18-105mm f/3.5-5.6G ED,1/125,11,125,105.0 mm,157 mm,2.82 m,0,0,1,0,0,0,0,0,0,1997,19,Male,Turkish,88,190,1.902115427,2.266666667,1.398197037,3.36,1.582334915,2.986666667,1.75139584,3.540540541,1.563182469,3.986842105,1.518713675,3.513157895,0.930855106,0.046161083,0.024644825
12,NIKON D90,AF-S DX VR Zoom-Nikkor 18-105mm f/3.5-5.6G ED,1/125,11,125,98.0 mm,147 mm,2.82 m,0,0,2,0,0,0,1,0,0,1997,19,Male,Turkish,60,175,1.978822878,1.986842105,1.390380486,2.546666667,1.318202434,2.571428571,1.592982732,3.736842105,1.619616589,3.918918919,1.568148343,4.173333333,0.991495367,0.049708266,0.004808933
13,NIKON D90,AF-S DX VR Zoom-Nikkor 18-105mm f/3.5-5.6G ED,1/125,10,125,105.0 mm,157 mm,2.82 m,0,0,2,0,2,0,1,0,0,1997,19,Male,Turkish,66,179,2.016602394,1.986486486,1.244090065,5.355263158,1.35355283,1.386666667,0.803595524,5.337662338,1.447415024,2.631578947,1.412724132,4.066666667,0.963290158,0.043737706,0.03126934
15,NIKON D90,AF-S DX VR Zoom-Nikkor 18-105mm f/3.5-5.6G ED,1/125,10,125,105.0 mm,157 mm,2.82 m,0,0,2,0,2,0,0,0,0,1995,21,Male,Turkish,70,179,2.009641865,2.649350649,1.345227762,3.461538462,1.35505123,1.789473684,1.12327841,4.207792208,1.624950706,4.386666667,1.384209535,3.820512821,0.768597808,0.039358515,0.034605815
16,NIKON D90,AF-S DX VR Zoom-Nikkor 18-105mm f/3.5-5.6G ED,1/125,11,125,105.0 mm,157 mm,2.82 m,0,0,1,0,2,0,0,0,0,1996,20,Male,Turkish,75,179,2.224765489,3.602564103,1.738335848,3.632911392,1.302632593,2.556962025,1.429961766,4.35,1.424025316,4.075949367,1.53399221,3.275,1.1020694,0.049325259,0.036751535
18,NIKON D90,AF-S DX VR Zoom-Nikkor 18-105mm f/3.5-5.6G ED,1/125,13,125,105.0 mm,157 mm,2.82 m,0,0,1,0,2,0,0,0,0,1995,21,Male,Turkish,70,175,2.132343853,1.91025641,1.229358374,3.302631579,1.404941155,2.84,1.533764138,3.58974359,1.362159262,3.666666667,1.436336682,3.306666667,0.999639575,0.032579529,0.011830068
28,NIKON D90,AF-S DX VR Zoom-Nikkor 18-105mm f/3.5-5.6G ED,1/125,11,125,98.0 mm,147 mm,2.82 m,0,0,2,0,2,0,0,1,0,1995,21,Male,Turkish,65,172,2.151657732,3.630136986,2.098325055,3.893333333,1.341372163,2.260273973,1.590137985,4.506666667,1.562857166,4.547945205,1.57269316,3.828947368,1.063179607,0.057468152,0.03484082
31,NIKON D90,AF-S DX VR Zoom-Nikkor 18-105mm f/3.5-5.6G ED,1/125,10,125,105.0 mm,157 mm,2.82 m,0,0,1,0,1,0,0,0,0,1996,20,Male,Turkish,105,184,1.998194766,1.465753425,1.041929191,2.945945946,1.497869646,2.493150685,1.716935963,3.333333333,1.464289638,3.135135135,1.519952454,3.643835616,0.948241985,0.042124718,-0.001135911
36,NIKON D90,AF-S DX VR Zoom-Nikkor 18-105mm f/3.5-5.6G ED,1/125,11,125,105.0 mm,157 mm,2.82 m,0,0,2,0,2,0,0,0,1,1995,21,Male,Turkish,57,163,2.044227943,2.945205479,1.614951074,3.85915493,1.588312444,2.166666667,1.4437822,4.391891892,1.568679469,4.506666667,1.613903555,4.181818182,0.928032337,0.040846168,0.015253026
44,NIKON D90,AF-S DX VR Zoom-Nikkor 18-105mm f/3.5-5.6G ED,1/125,10,125,105.0 mm,157 mm,2.82 m,0,0,2,0,1,0,0,0,0,1995,21,Male,Turkish,73,180,1.852097207,2.236842105,1.41297248,3.142857143,1.527935361,2.066666667,1.244809041,4.210526316,1.454334115,4.573333333,1.490268734,3.960526316,0.985776032,0.041597423,0.001196245
54,NIKON D90,AF-S DX VR Zoom-Nikkor 18-105mm f/3.5-5.6G ED,1/125,11,125,66.0 mm,99 mm,2.82 m,0,0,2,0,0,0,2,0,0,1996,20,Male,Turkish,72,178,2.167022231,3.092105263,1.584740833,2.565789474,1.299595079,3.828947368,1.813932435,2.933333333,1.398197037,4.84,1.55997228,2.973684211,1.15439663,0.041119697,0.023600808
55,NIKON D90,AF-S DX VR Zoom-Nikkor 18-105mm f/3.5-5.6G ED,1/125,11,125,105.0 mm,157 mm,2.82 m,0,0,1,0,2,0,0,0,1,1992,24,Male,Turkish,74,176,2.038431382,1.41025641,0.780208055,3.08974359,1.613143237,1.987012987,1.418797735,3.844155844,1.828609877,2.765432099,1.575369837,3.58974359,1.074327303,0.04733673,0.008372632
57,NIKON D90,AF-S DX VR Zoom-Nikkor 18-105mm f/3.5-5.6G ED,1/125,10,125,105.0 mm,157 mm,2.82 m,0,0,2,0,2,0,0,0,1,1994,22,Male,Turkish,76,176,1.986258402,3.689189189,1.774443194,3.849315068,1.265692969,2.081081081,1.421524907,5.098591549,1.220713253,4.625,1.428458245,4.219178082,0.76823346,0.035275252,0.018868957
77,NIKON D90,AF-S DX VR Zoom-Nikkor 18-105mm f/3.5-5.6G ED,1/125,11,125,105.0 mm,157 mm,2.82 m,0,0,2,0,2,0,0,0,0,1994,22,Male,Turkish,,,1.964405921,1.704225352,1.138851128,2.898550725,1.384206372,1.942857143,1.226349766,3.75,1.659373715,3.676056338,1.730191136,4.013888889,0.999902186,0.039341522,0.02238727
78,NIKON D90,AF-S DX VR Zoom-Nikkor 18-105mm f/3.5-5.6G ED,1/125,11,125,98.0 mm,147 mm,2.82 m,0,0,2,0,2,0,0,0,0,1994,22,Male,Turkish,,,2.254846096,2.168831169,1.380337463,4.5,1.546095391,1.878378378,1.270882583,4.526315789,1.628690142,3.753424658,1.631127949,4.378378378,0.676467511,0.054224209,0.037601364
79,NIKON D90,AF-S DX VR Zoom-Nikkor 18-105mm f/3.5-5.6G ED,1/125,13,125,98.0 mm,147 mm,2.82 m,0,0,1,0,2,0,0,0,0,1996,19,Male,Turkish,,,1.82121125,2.945945946,1.766444396,4.756756757,1.542199202,1.346666667,0.603891285,5.64,1.311487705,3.693333333,1.506502423,3.733333333,1.142937578,0.044386173,0.016050213
88,NIKON D90,AF-S DX VR Zoom-Nikkor 18-105mm f/3.5-5.6G ED,1/125,11,125,105.0 mm,157 mm,2.82 m,0,0,1,0,2,0,0,0,1,1995,21,Male,Turkish,,,1.982351406,1.5625,1.029240226,2.556962025,1.248042934,2.6875,1.547507183,3.0625,1.362645881,3.392405063,1.435964087,3.7,0.933212771,0.044415288,0.014197618
90,NIKON D90,AF-S DX VR Zoom-Nikkor 18-105mm f/3.5-5.6G ED,1/125,11,125,105.0 mm,157 mm,2.82 m,1,0,2,0,2,0,0,1,0,1995,21,Male,Turkish,,,2.094199601,2.48,1.518890064,4,1.509230856,1.92,1.11209566,4,1.619142249,3.459459459,1.70566493,3.92,0.86618143,0.05102919,0.001099073
93,NIKON D90,AF-S DX VR Zoom-Nikkor 18-105mm f/3.5-5.6G ED,1/125,11,125,98.0 mm,147 mm,2.82 m,0,0,1,0,1,0,1,1,0,1994,21,Male,Turkish,,,2.086568334,2.757142857,1.929449229,3.4,1.654155943,3.3,1.91371859,3.813333333,1.574229398,3.23943662,1.62537722,2.861111111,1.078673619,0.04647164,0.015367748
96,NIKON D90,AF-S DX VR Zoom-Nikkor 18-105mm f/3.5-5.6G ED,1/125,11,125,105.0 mm,157 mm,2.82 m,0,0,1,0,2,0,0,0,0,1993,23,Male,Turkish,,,2.074133416,1.605263158,0.967180747,3.727272727,1.825523455,1.683544304,1.276456471,4.12987013,1.704102244,3.701298701,1.717287756,4.17721519,0.957554225,0.046152072,0.011103123
103,NIKON D90,AF-S DX VR Zoom-Nikkor 18-105mm f/3.5-5.6G ED,1/125,13,125,98.0 mm,147 mm,2.82 m,0,0,2,0,2,0,2,0,0,1994,21,Male,Turkish,,,2.110060912,2.118421053,1.336334342,2.592105263,1.097605048,3.103896104,1.577676636,3.103896104,1.313737292,3.631578947,1.703659632,2.454545455,0.994001146,0.040580644,0.021947294
119,NIKON D90,AF-S DX VR Zoom-Nikkor 18-105mm f/3.5-5.6G ED,1/125,11,125,105.0 mm,157 mm,2.82 m,0,0,1,0,2,0,0,0,0,1994,22,Male,Turkish,60,162,2.337519216,2.5,1.60105599,3.753623188,1.449196503,2.014492754,1.15672908,4.420289855,1.469351569,3.2,1.460593487,3.85915493,0.815839176,0.046682485,0.026487267
121,NIKON D90,AF-S DX VR Zoom-Nikkor 18-105mm f/3.5-5.6G ED,1/125,11,125,105.0 mm,157 mm,2.82 m,0,0,1,0,2,0,2,1,0,1984,32,Male,Turkish,,,1.950479733,3.142857143,1.730256865,4.852941176,1.632365794,1.605633803,1.034806721,5.071428571,1.477575654,3.591549296,1.572781565,3.319444444,1.0591837,0.052931448,0.052651554
122,NIKON D90,AF-S DX VR Zoom-Nikkor 18-105mm f/3.5-5.6G ED,1/125,11,125,105.0 mm,157 mm,2.82 m,0,0,2,0,2,0,0,0,0,1996,20,Male,Turkish,58,173,1.942070151,2.575342466,1.5176536,2.945205479,1.279001466,2.328767123,1.394979037,4.146666667,1.467608215,4.054054054,1.654316826,3.794520548,0.912245461,0.025723968,0.013405339
140,NIKON D90,AF-S DX VR Zoom-Nikkor 18-105mm f/3.5-5.6G ED,1/125,11,125,105.0 mm,157 mm,2.82 m,0,0,1,0,2,0,0,1,0,1995,21,Male,Turkish,100,180,2.155018675,1.777777778,1.128656464,4.126760563,1.638200907,1.305555556,0.684617481,5.123287671,1.666209983,3.291666667,1.63101541,3.534246575,1.155688729,0.069739575,0.048384843
141,NIKON D90,AF-S DX VR Zoom-Nikkor 18-105mm f/3.5-5.6G ED,1/125,11,125,98.0 mm,147 mm,2.82 m,0,0,1,0,2,0,1,0,0,1995,21,Male,Turkish,,,2.037204275,2.27027027,1.367903078,5.090909091,1.425166825,1.246753247,0.588393087,5.493333333,1.446088231,2.907894737,1.338433229,3.987654321,0.980992191,0.036787571,0.021014361
142,NIKON D90,AF-S DX VR Zoom-Nikkor 18-105mm f/3.5-5.6G ED,1/125,11,125,85.0 mm,127 mm,2.82 m,0,0,2,0,2,0,1,0,0,1996,20,Male,Other,91,176,1.996428178,2.184210526,1.467065337,2.680555556,1.372018036,2.575342466,1.373537689,3.630136986,1.45780323,4.243243243,1.441183026,4.256756757,0.703432111,0.030460516,0.012567063
143,NIKON D90,AF-S DX VR Zoom-Nikkor 18-105mm f/3.5-5.6G ED,1/125,11,125,105.0 mm,157 mm,2.82 m,0,0,1,0,2,0,0,0,0,1996,20,Male,Turkish,65,175,1.84872924,4.381578947,1.469395388,4.5,1.37113092,2.012987013,1.362017722,5.467532468,1.303683199,4.72,1.484696711,4.337662338,0.736463627,0.035955821,0.011949072
145,NIKON D90,AF-S DX VR Zoom-Nikkor 18-105mm f/3.5-5.6G ED,1/125,11,125,105.0 mm,157 mm,2.82 m,0,0,2,0,2,0,0,0,0,1996,20,Male,Turkish,55,170,2.123409825,1.46835443,0.903489574,3.184210526,1.654976546,2.584415584,1.641169748,3.64556962,1.485295228,3.025641026,1.468052504,3.569620253,1.033832108,0.041286656,0.001758332
146,NIKON D90,AF-S DX VR Zoom-Nikkor 18-105mm f/3.5-5.6G ED,,,126,105.0 mm,157 mm,,1,0,1,0,2,0,0,0,0,1993,22,Male,Turkish,,,2.029751254,3.075949367,1.715481183,4.205128205,1.51493838,1.913580247,1.216527136,4.725,1.422913752,4.050632911,1.655594511,4.050632911,0.732027991,0.045603848,0.013436507
147,NIKON D90,AF-S DX VR Zoom-Nikkor 18-105mm f/3.5-5.6G ED,1/125,10,125,105.0 mm,157 mm,2.82 m,0,0,2,0,1,0,0,0,0,1995,21,Male,Turkish,65,175,2.057728663,3.368421053,1.66406815,4.081081081,1.311244904,2.689189189,1.534316819,4.276315789,1.400939534,3.64,1.582334915,3.328947368,1.011772806,0.029738311,0.006365583
149,NIKON D90,AF-S DX VR Zoom-Nikkor 18-105mm f/3.5-5.6G ED,1/125,11,125,105.0 mm,157 mm,2.82 m,0,0,1,0,2,0,0,0,0,1996,20,Male,Turkish,66,186,1.837541874,1.558441558,0.979977262,2.866666667,1.742422462,1.688311688,1.205903682,4.012987013,1.697471079,3.613333333,1.460223357,4.038461538,0.972909783,0.046970695,0.009776325
161,NIKON D90,AF-S DX VR Zoom-Nikkor 18-105mm f/3.5-5.6G ED,1/125,11,125,98.0 mm,147 mm,2.82 m,0,0,1,0,2,0,1,0,0,1996,20,Male,Turkish,77,174,2.025987097,2.306666667,1.185193944,3.432432432,1.395502375,1.95890411,1.4666511,4.391891892,1.460132923,4.04109589,1.686863923,4.405405405,0.738731214,0.040863116,0.018279745
166,NIKON D90,AF-S DX VR Zoom-Nikkor 18-105mm f/3.5-5.6G ED,1/125,11,125,105.0 mm,157 mm,2.82 m,0,0,2,0,2,0,0,0,0,1994,22,Male,Turkish,,,1.943054385,3.263157895,1.738723064,3.975,1.211495571,2.105263158,1.184105258,4.753246753,1.309437848,4.063291139,1.408233774,3.949367089,0.766255199,0.033105567,0.009844638
168,NIKON D90,AF-S DX VR Zoom-Nikkor 18-105mm f/3.5-5.6G ED,1/125,11,125,105.0 mm,157 mm,2.82 m,0,0,1,0,2,0,0,0,0,1993,23,Male,Turkish,70,175,2.172799995,1.474358974,0.784994978,4.454545455,1.682303047,1.909090909,1.268876608,4.207317073,1.782894061,2.703703704,1.452966315,4.109756098,0.83156995,0.047509517,0.017402436
175,NIKON D90,AF-S DX VR Zoom-Nikkor 18-105mm f/3.5-5.6G ED,1/125,11,125,105.0 mm,157 mm,2.82 m,0,0,2,0,2,0,0,0,0,1994,22,Male,Turkish,75,181,2.034501205,2.08,1.312723597,3.48,1.545350481,1.84,1.252457045,4.217948718,1.373661671,3.226666667,1.475688876,4.2,0.657595949,0.055076491,-0.001022725
191,NIKON D90,AF-S DX VR Zoom-Nikkor 18-105mm f/3.5-5.6G ED,1/125,11,125,105.0 mm,157 mm,2.82 m,0,0,2,0,2,0,0,0,0,1996,20,Male,Turkish,61,165,2.10997293,1.772151899,1.176145019,5.230769231,1.519766531,1.285714286,0.666039806,5.37037037,1.478550341,2.746835443,1.564578705,4.179487179,0.976923208,0.042370098,0.004782558
193,NIKON D90,AF-S DX VR Zoom-Nikkor 18-105mm f/3.5-5.6G ED,1/125,10,125,105.0 mm,157 mm,2.82 m,0,0,2,0,2,0,1,0,0,1995,21,Male,Turkish,73,180,2.067081057,3.455696203,1.900050393,3.493670886,1.338516378,2.05,1.221122124,4.580246914,1.523681377,4.4625,1.44908308,4.259259259,0.703167437,0.029059522,0.027123516
202,NIKON D90,AF-S DX VR Zoom-Nikkor 18-105mm f/3.5-5.6G ED,1/125,11,125,105.0 mm,157 mm,2.82 m,1,0,2,0,2,0,0,1,0,1992,24,Male,Other,,,1.861878889,3.506666667,2.022664374,4.736842105,1.279254169,1.546666667,1.14246454,5.688311688,1.150054235,4,1.550936944,3.896103896,1.058604041,0.040427676,0.031825854
203,NIKON D90,AF-S DX VR Zoom-Nikkor 18-105mm f/3.5-5.6G ED,1/125,11,125,92.0 mm,138 mm,2.82 m,0,0,1,0,2,0,1,0,0,1993,23,Male,Turkish,81,186,2.02120637,3.571428571,2.136330914,5.090909091,1.137654769,1.828947368,1.279459864,5.282051282,1.458494473,3.25974026,1.77261773,3.714285714,1.049525492,0.052836687,0.015154054
209,NIKON D90,AF-S DX VR Zoom-Nikkor 18-105mm f/3.5-5.6G ED,1/125,11,125,105.0 mm,157 mm,2.82 m,0,0,1,0,2,0,0,0,0,1992,24,Male,Turkish,83,180,1.957017516,3.930555556,1.825688285,4.256756757,1.365532771,1.689189189,1.084456504,5.333333333,1.18929156,4.356164384,1.337180523,4.164383562,0.764011682,0.03652823,0.035330169
210,NIKON D90,AF-S DX VR Zoom-Nikkor 18-105mm f/3.5-5.6G ED,1/125,11,125,98.0 mm,147 mm,2.82 m,0,0,1,0,2,0,0,0,0,1993,23,Male,Turkish,,,1.897829755,1.810810811,1.278651641,4.662162162,1.769428567,1.342465753,0.9890958,5.028169014,1.764505847,2.915492958,1.770766411,3.826666667,1.166808228,0.036788306,0.001594792
217,NIKON D90,AF-S DX VR Zoom-Nikkor 18-105mm f/3.5-5.6G ED,1/125,11,125,105.0 mm,157 mm,2.82 m,1,0,2,0,2,0,1,0,0,1990,26,Male,Turkish,,,2.155544518,1.342465753,0.803104706,2.283783784,1.266212887,1.958333333,1.357685479,3.535211268,1.779494197,3.542857143,1.691288115,4.287671233,0.949845778,0.052495008,0.005359012
223,NIKON D90,AF-S DX VR Zoom-Nikkor 18-105mm f/3.5-5.6G ED,1/125,11,125,92.0 mm,138 mm,2.82 m,0,0,1,0,2,0,0,0,0,1995,21,Male,Turkish,70,166,1.893046169,1.716216216,1.287668279,4.452054795,1.536962154,1.164383562,0.527407144,4.863013699,1.98126691,2.418918919,1.364990408,3.493333333,1.223346466,0.040095802,0.021087811
224,NIKON D90,AF-S DX VR Zoom-Nikkor 18-105mm f/3.5-5.6G ED,1/125,10,125,92.0 mm,138 mm,2.82 m,0,0,1,0,2,0,0,0,1,1996,20,Male,Turkish,78,184,2.062139296,2.41025641,1.623175479,3.961538462,1.390527394,2.230769231,1.422665113,4.474358974,1.625481818,3.08974359,1.676312414,2.961038961,1.196943019,0.050158489,0.023183164
225,NIKON D90,AF-S DX VR Zoom-Nikkor 18-105mm f/3.5-5.6G ED,,,126,90.0 mm,135 mm,,0,0,1,0,2,0,0,1,0,1990,26,Male,Turkish,,,2.074626062,3.026315789,1.712492797,5.142857143,1.33489883,1.207792208,0.569802882,5.789473684,1.135086364,3.368421053,1.590321605,4.194805195,0.726182539,0.054011708,0.050211727
230,NIKON D90,AF-S DX VR Zoom-Nikkor 18-105mm f/3.5-5.6G ED,1/125,11,125,105.0 mm,157 mm,2.82 m,0,0,2,0,2,0,0,0,0,1996,20,Male,Turkish,60,172,1.801626422,1.973333333,1.196541563,4,1.482289816,1.407894737,0.911813308,4.706666667,1.658502527,3.534246575,1.599324439,3.96,1.108200392,0.046939177,0.018558247
240,NIKON D90,AF-S DX VR Zoom-Nikkor 18-105mm f/3.5-5.6G ED,1/125,11,125,105.0 mm,157 mm,2.82 m,0,0,2,0,2,0,0,0,0,1996,20,Male,Turkish,61,177,1.904788628,2.443037975,1.402807034,3.417721519,1.345530064,1.871794872,1.177262667,4.844155844,1.606442089,4.584415584,1.481026043,4.285714286,0.740859083,0.045727677,0.024861783
241,NIKON D90,AF-S DX VR Zoom-Nikkor 18-105mm f/3.5-5.6G ED,1/125,10,125,105.0 mm,157 mm,2.82 m,0,0,2,0,2,0,0,0,0,1994,22,Male,Turkish,70,174,2.021792934,2.386666667,1.601463295,3.833333333,1.538244838,2.013513514,1.512443756,4.653333333,1.546515991,3.773333333,1.623920293,4.173333333,0.87569792,0.039533728,0.01909515
247,NIKON D90,AF-S DX VR Zoom-Nikkor 18-105mm f/3.5-5.6G ED,1/125,13,125,105.0 mm,157 mm,2.82 m,0,0,2,0,0,0,0,0,0,1996,20,Male,Turkish,74,176,2.126265682,2.414285714,1.377803936,3.4,1.423736994,2.287671233,1.611412873,4.109589041,1.603482701,4.189189189,1.59344269,3.472222222,1.12553239,0.040364807,0.035894897
249,NIKON D90,AF-S DX VR Zoom-Nikkor 18-105mm f/3.5-5.6G ED,1/125,11,125,105.0 mm,157 mm,2.82 m,0,0,1,0,1,0,0,0,0,1995,21,Male,Turkish,82,183,1.868447079,4.432432432,1.712812964,3.8,1.304876509,2.76,1.540796565,4.394736842,1.424349652,4.723684211,1.47511522,3.04,1.005928373,0.042758607,0.030195839
250,NIKON D90,AF-S DX VR Zoom-Nikkor 18-105mm f/3.5-5.6G ED,1/125,10,125,105.0 mm,157 mm,4.22 m,0,0,1,0,2,0,0,0,0,1995,21,Male,Turkish,68,172,2.029038468,1.949367089,1.186448419,2.894736842,1.536914202,2.810126582,1.664685613,3.291139241,1.553753922,3.171052632,1.569612758,3.423076923,0.960508939,0.027666817,0.01945018
251,NIKON D90,AF-S DX VR Zoom-Nikkor 18-105mm f/3.5-5.6G ED,1/125,11,125,92.0 mm,138 mm,2.82 m,0,0,1,0,2,0,0,0,0,1989,27,Male,Turkish,116,174,2.199383939,1.5,0.808290377,4.866666667,1.445714387,1.256756757,0.57483317,5.46835443,1.551140548,3.246753247,1.655579436,4.683544304,0.567140913,0.061018725,0.051280836
252,NIKON D90,AF-S DX VR Zoom-Nikkor 18-105mm f/3.5-5.6G ED,1/125,11,125,105.0 mm,157 mm,2.82 m,0,0,1,0,1,0,0,0,0,1995,21,Male,Turkish,65,186,1.954135959,2.243243243,1.497127943,3.422535211,1.36969206,1.657534247,1.249657487,4.36,1.530235806,3.753424658,1.507212493,3.864864865,0.926391206,0.041018766,0.016109779
267,NIKON D90,AF-S DX VR Zoom-Nikkor 18-105mm f/3.5-5.6G ED,1/125,11,125,105.0 mm,157 mm,2.82 m,0,0,1,0,1,0,1,0,0,1996,20,Male,Turkish,90,182,2.127519357,1.555555556,0.917573175,3.445945946,1.888261445,2.611111111,1.683018378,3.465753425,1.795690766,3.878378378,1.82037707,4.189189189,0.916749404,0.051058172,0.033342608
268,NIKON D90,AF-S DX VR Zoom-Nikkor 18-105mm f/3.5-5.6G ED,1/125,11,125,105.0 mm,157 mm,2.82 m,0,0,1,0,2,0,1,1,0,1995,21,Male,Turkish,86,183,2.12889949,2.6,1.515683772,3.306666667,1.294200508,2.346666667,1.309975586,4.135135135,1.50181921,3.986842105,1.536172048,4.050632911,0.677452509,0.071032531,0.059031086
289,NIKON D90,AF-S DX VR Zoom-Nikkor 18-105mm f/3.5-5.6G ED,,,126,105.0 mm,157 mm,,0,0,1,0,0,0,0,0,0,1996,20,Male,Turkish,62,157,2.087348565,2.519480519,1.561126361,4.324675325,1.542738154,1.657894737,0.902627743,4.782051282,1.58439989,3.448717949,1.438320051,4.077922078,0.80730601,0.039558554,0.022213958
290,NIKON D90,AF-S DX VR Zoom-Nikkor 18-105mm f/3.5-5.6G ED,1/100,13,125,105.0 mm,157 mm,2.82 m,0,0,1,0,0,0,0,0,1,1994,21,Male,Turkish,,,2.069993864,1.594594595,1.084371151,2.108108108,1.105001922,4.424657534,1.739394916,2.273972603,1.238954241,3.675675676,1.631102729,3.013513514,1.040195493,0.043477257,0.016127805
291,NIKON D90,AF-S DX VR Zoom-Nikkor 18-105mm f/3.5-5.6G ED,1/125,11,125,92.0 mm,138 mm,2.82 m,0,0,1,0,2,0,0,0,0,1994,22,Male,Turkish,,,2.425933068,1.921052632,1.334297897,3.506666667,1.5011107,2.269230769,1.526162124,4.428571429,1.584701295,3.38961039,1.702597429,4.428571429,0.715037199,0.070116931,0.051017441
293,NIKON D90,AF-S DX VR Zoom-Nikkor 18-105mm f/3.5-5.6G ED,1/125,11,125,105.0 mm,157 mm,2.82 m,0,0,1,0,2,0,0,0,0,1994,22,Male,Turkish,77,180,1.998594196,2.086956522,1.43218396,3.072463768,1.407112611,2.671641791,1.599129116,3.914285714,1.585649934,3.028985507,1.37167796,2.842857143,1.044456925,0.034223757,0.008206041
296,NIKON D90,AF-S DX VR Zoom-Nikkor 18-105mm f/3.5-5.6G ED,1/125,11,125,75.0 mm,112 mm,2.82 m,0,0,1,0,2,0,2,0,0,1996,20,Male,Turkish,68,181,1.942800738,3.272727273,1.930614598,4.961538462,1.418269548,1.519480519,1.007999447,5.246753247,1.505742029,3.935897436,1.638337323,3.857142857,1.009354741,0.035855507,0.026136535
313,NIKON D90,AF-S DX VR Zoom-Nikkor 18-105mm f/3.5-5.6G ED,1/125,10,125,105.0 mm,157 mm,2.82 m,0,0,1,0,2,0,0,0,0,1996,20,Male,Turkish,65,163,2.151728849,2.307692308,1.389269567,3.820512821,1.718830694,1.87012987,1.206895205,4.454545455,1.66658692,3.922077922,1.644498274,4.402597403,0.673946356,0.04414918,0.016539268
314,NIKON D90,AF-S DX VR Zoom-Nikkor 18-105mm f/3.5-5.6G ED,1/125,11,125,92.0 mm,138 mm,2.82 m,0,0,2,0,2,1,0,0,0,1996,20,Male,Turkish,,,2.04254029,4.077922078,1.722652741,3.441558442,1.38120377,2.960526316,1.644715088,4.052631579,1.50461279,4.223684211,1.678083702,3.881578947,0.87889484,0.033380857,0.022696278
317,NIKON D90,AF-S DX VR Zoom-Nikkor 18-105mm f/3.5-5.6G ED,1/125,11,125,105.0 mm,157 mm,2.82 m,0,0,2,0,2,3,0,0,0,1996,20,Male,Turkish,70,170,1.97947433,2.435897436,1.4734864,3.240963855,1.339733878,2.810126582,1.633589326,3.430379747,1.516435973,3.283950617,1.296481468,3.278481013,0.999188246,0.044504593,7.87E-05
318,NIKON D90,AF-S DX VR Zoom-Nikkor 18-105mm f/3.5-5.6G ED,1/125,11,125,98.0 mm,147 mm,2.82 m,0,0,1,0,2,0,0,0,0,1996,20,Male,Turkish,78,187,1.862377809,1.602564103,1.143470947,2.921052632,1.598025097,2.392405063,1.427008001,3.736842105,1.552360964,2.513157895,1.446774998,3.519480519,0.852402018,0.054747641,0.013300965
319,NIKON D90,AF-S DX VR Zoom-Nikkor 18-105mm f/3.5-5.6G ED,1/125,11,125,92.0 mm,138 mm,2.82 m,0,0,2,0,2,0,0,0,0,1996,20,Male,Turkish,79,187,2.01614792,2.571428571,1.704703798,3.025974026,1.613871008,3.012820513,1.533128452,3.063291139,1.389906584,3.155844156,1.328482861,3.225,1.168954959,0.044405218,-0.00718655
322,NIKON D90,AF-S DX VR Zoom-Nikkor 18-105mm f/3.5-5.6G ED,1/125,11,125,105.0 mm,157 mm,2.82 m,0,0,1,0,2,0,1,0,0,1996,20,Male,Turkish,81,190,1.843829116,2.069444444,1.456664035,4.121621622,1.621370152,1.301369863,0.616552501,5.378378378,1.550101214,3.486111111,1.583302446,3.6,1.138989595,0.045139238,0.018517142
324,NIKON D90,AF-S DX VR Zoom-Nikkor 18-105mm f/3.5-5.6G ED,1/125,11,125,90.0 mm,135 mm,2.82 m,0,0,1,0,2,0,0,1,0,1995,21,Male,Turkish,125,197,2.284614428,1.395061728,0.769399317,4.50617284,1.681691535,1.375,0.876919233,5.061728395,1.607371138,2.756097561,1.44496551,3.829268293,1.028061559,0.073356336,0.059587719
327,NIKON D90,AF-S DX VR Zoom-Nikkor 18-105mm f/3.5-5.6G ED,1/125,11,125,105.0 mm,157 mm,2.82 m,0,0,1,0,2,1,0,0,0,1995,21,Male,Turkish,,,1.842817778,2.363636364,1.385157134,2.935064935,1.260092544,2.607594937,1.417995348,3.875,1.45284531,3.692307692,1.462142995,4.052631579,0.690791562,0.070192855,-0.001703333
337,NIKON D90,AF-S DX VR Zoom-Nikkor 18-105mm f/3.5-5.6G ED,1/125,11,125,105.0 mm,157 mm,2.82 m,0,0,1,0,2,0,0,0,0,1996,20,Male,Turkish,75,182,2.037881494,2.460526316,1.595333106,3.220779221,1.401346877,1.890410959,1.185111854,4.220779221,1.401346877,3.717948718,1.519547403,4.194805195,0.843535184,0.047693635,0.027237312
348,NIKON D90,AF-S DX VR Zoom-Nikkor 18-105mm f/3.5-5.6G ED,1/125,10,125,105.0 mm,157 mm,2.82 m,0,0,2,0,2,0,0,0,0,1994,22,Male,Turkish,82,183,1.923114651,3.025974026,1.521547221,3.842105263,1.189427107,2.402597403,1.310481433,4.441558442,1.292625913,4.17721519,1.216968635,3.421052632,0.927551011,0.036538718,0.02886969
356,NIKON D90,AF-S DX VR Zoom-Nikkor 18-105mm f/3.5-5.6G ED,1/125,11,125,92.0 mm,138 mm,2.82 m,0,0,1,0,2,0,0,0,0,1992,24,Male,Turkish,,,1.932087299,2.148648649,1.371754525,4.301369863,1.729522506,1.698630137,1.101576289,4.626666667,1.642125628,3.394736842,1.721076774,4.2,0.821994937,0.046413483,0.037860147
358,NIKON D90,AF-S DX VR Zoom-Nikkor 18-105mm f/3.5-5.6G ED,,,126,105.0 mm,157 mm,,0,0,2,0,2,0,0,0,0,1994,22,Male,Turkish,,,2.093419261,2.150684932,1.308850565,4.126760563,1.433572734,1.424657534,0.911619563,5.111111111,1.48755926,3.136986301,1.53943594,4.202702703,0.99284743,0.042156017,0.047714055
372,NIKON D90,AF-S DX VR Zoom-Nikkor 18-105mm f/3.5-5.6G ED,1/125,10,125,105.0 mm,157 mm,2.82 m,0,0,2,0,2,0,2,0,0,1996,20,Male,Turkish,72,183,2.15581607,2.454545455,1.437701515,3.519480519,1.68281085,1.960526316,1.29038278,4.513157895,1.700928539,3.789473684,1.454334115,4.16,0.959166305,0.040510518,0.030859706
400,NIKON D90,AF-S DX VR Zoom-Nikkor 18-105mm f/3.5-5.6G ED,1/125,11,125,105.0 mm,157 mm,2.82 m,0,0,2,0,2,0,0,0,0,1995,21,Male,Turkish,63,172,1.90476943,1.670886076,0.996423334,3.987012987,1.720568346,1.708860759,1.189180915,4.341772152,1.576153025,2.628205128,1.478055711,3.9625,0.960534529,0.069595764,-0.005128835
401,NIKON D90,AF-S DX VR Zoom-Nikkor 18-105mm f/3.5-5.6G ED,1/125,13,125,105.0 mm,157 mm,2.82 m,0,0,0,0,2,0,0,0,0,1994,21,Male,Turkish,,,1.900223391,2.960526316,1.620212245,3.56,1.44484171,2.776315789,1.554337451,3.723684211,1.528386375,3.84,1.55128543,3.581081081,0.891462655,0.033976767,0.00354694
407,NIKON D90,AF-S DX VR Zoom-Nikkor 18-105mm f/3.5-5.6G ED,1/125,13,125,98.0 mm,147 mm,2.82 m,0,0,1,0,1,0,0,0,0,1988,28,Male,Turkish,,,2.104272783,1.363636364,0.77644756,4.473684211,1.739530084,1.441558442,0.769372719,5.116883117,1.716591068,2.571428571,1.341920966,4.272727273,0.954716321,0.046598222,0.024781188
409,NIKON D90,AF-S DX VR Zoom-Nikkor 18-105mm f/3.5-5.6G ED,1/125,11,125,92.0 mm,138 mm,2.82 m,0,0,1,0,2,0,0,0,0,1997,19,Male,Turkish,86,188,1.964791045,2.351351351,1.447079557,2.972972973,1.303030955,2.283783784,1.360099415,3.551282051,1.420146653,3.853333333,1.582790329,3.961538462,0.945835818,0.042192833,0.005483591
410,NIKON D90,AF-S DX VR Zoom-Nikkor 18-105mm f/3.5-5.6G ED,1/125,11,125,105.0 mm,157 mm,2.82 m,0,0,2,0,2,0,0,0,0,1996,20,Male,Turkish,80,173,2.177655039,2.025974026,1.277065159,3.684210526,1.498537299,1.828947368,1.279459864,4.5,1.748840061,3.282051282,1.602736587,4.58974359,1.631156847,0.064200663,0.026487016
411,NIKON D90,AF-S DX VR Zoom-Nikkor 18-105mm f/3.5-5.6G ED,1/125,11,125,105.0 mm,157 mm,2.82 m,0,0,1,0,1,0,0,0,0,1994,22,Male,Turkish,76,174,1.988990767,1.62962963,1.077548658,2.938271605,1.527626255,1.797468354,1.254527665,4.365853659,1.58318475,4.228915663,1.595155021,4.390243902,0.842631058,0.043012139,0.036416491
413,NIKON D90,AF-S DX VR Zoom-Nikkor 18-105mm f/3.5-5.6G ED,1/125,11,125,98.0 mm,147 mm,2.82 m,0,0,2,0,2,0,0,0,0,1996,20,Male,Turkish,64,172,1.918195923,2.846153846,1.675467937,3.428571429,1.140505098,2.077922078,1.222230853,4.5875,1.455619838,4.0875,1.511087713,4.473684211,0.553140952,0.033801223,0.014089394
417,NIKON D90,AF-S DX VR Zoom-Nikkor 18-105mm f/3.5-5.6G ED,1/125,11,125,105.0 mm,157 mm,2.82 m,0,0,1,0,2,0,0,0,0,1996,20,Male,Turkish,80,176,1.81874177,1.792207792,1.03029968,2.921052632,1.60634706,1.631578947,1.152875885,4.207792208,1.575617359,3.88,1.488333005,4.205128205,0.778926573,0.043699305,0.004412454
422,NIKON D90,AF-S DX VR Zoom-Nikkor 18-105mm f/3.5-5.6G ED,1/125,10,125,105.0 mm,157 mm,2.82 m,0,0,1,0,2,0,0,0,0,1992,24,Male,Turkish,70,175,1.967406103,1.815789474,1.091916069,4.91025641,1.588807422,1.189189189,0.565580697,5.641025641,1.485639999,3.526315789,1.762374793,4.012820513,1.062875171,0.046804742,0.037275069
437,NIKON D90,AF-S DX VR Zoom-Nikkor 18-105mm f/3.5-5.6G ED,1/125,11,125,105.0 mm,157 mm,2.82 m,0,0,2,0,2,0,0,0,0,1996,20,Male,Turkish,71,178,2.039852994,2.813333333,1.682126496,3.675324675,1.436750339,2.181818182,1.315167317,4.644736842,1.293099093,3.72,1.400386047,3.233766234,1.201929413,0.040329676,0.007550205
440,NIKON D90,AF-S DX VR Zoom-Nikkor 18-105mm f/3.5-5.6G ED,,,126,105.0 mm,157 mm,,0,0,2,0,2,0,0,0,0,1995,21,Male,Turkish,67,165,2.096009786,2.936708861,1.712261753,4.618421053,1.531597034,1.721518987,1.07341665,5.192307692,1.512353394,3.166666667,1.427163809,3.884615385,1.019049331,0.041954896,0.016791962
443,NIKON D90,AF-S DX VR Zoom-Nikkor 18-105mm f/3.5-5.6G ED,,,126,105.0 mm,157 mm,,0,0,1,0,2,0,0,0,0,1993,23,Male,Turkish,75,178,1.912836531,3.774647887,1.605323137,4.142857143,1.277290092,1.898550725,1.100065874,5.285714286,1.342103661,4.797101449,1.490950251,3.887323944,0.934257471,0.040626962,0.025882899
448,NIKON D90,AF-S DX VR Zoom-Nikkor 18-105mm f/3.5-5.6G ED,1/125,13,125,105.0 mm,157 mm,2.82 m,0,0,1,0,2,0,0,0,0,1991,25,Male,Turkish,70,178,1.87821302,2.146666667,1.204645662,5.263157895,1.340332507,1.215189873,0.59206042,5.171052632,1.417868427,3.12,1.325019123,4.215189873,0.826963647,0.041738379,0.022717425
458,NIKON D90,AF-S DX VR Zoom-Nikkor 18-105mm f/3.5-5.6G ED,,,126,105.0 mm,157 mm,,0,0,2,0,2,1,0,0,0,1995,21,Male,Turkish,82,191,1.993074038,3.547945205,1.826054459,3.794520548,1.290552252,2.472972973,1.406666836,4.527777778,1.519564636,4.068493151,1.261929377,3.164383562,1.080299581,0.043557468,0.003940154
459,NIKON D90,AF-S DX VR Zoom-Nikkor 18-105mm f/3.5-5.6G ED,,,126,105.0 mm,157 mm,,0,0,1,0,2,0,0,0,0,1993,23,Male,Turkish,84,189,2.264839434,2,1.140175425,5.0125,1.571049395,1.345679012,0.594989366,5.036585366,1.574841728,2.790123457,1.46386517,4.134146341,0.871527609,0.04574995,0.025899035
462,NIKON D90,AF-S DX VR Zoom-Nikkor 18-105mm f/3.5-5.6G ED,,,126,105.0 mm,157 mm,,0,0,1,0,2,0,0,0,0,1992,24,Male,Turkish,55,175,1.906815001,1.731707317,1.227752946,4.580246914,1.580064853,1.207317073,0.560815211,4.843373494,1.959852705,2.869047619,1.437700322,3.821428571,1.031558819,0.0363001,0.024082909
463,NIKON D90,AF-S DX VR Zoom-Nikkor 18-105mm f/3.5-5.6G ED,,,126,105.0 mm,157 mm,,0,0,1,0,2,0,0,0,0,1991,25,Male,Turkish,85,188,2.108750833,1.520547945,0.929599511,3.351351351,1.723586834,1.6,1.127062674,3.921052632,1.772103518,2.613333333,1.261630577,3.710526316,1.004201699,0.044335081,0.02653958
476,NIKON D90,AF-S DX VR Zoom-Nikkor 18-105mm f/3.5-5.6G ED,1/125,13,125,105.0 mm,157 mm,2.11 m,0,0,1,0,2,0,0,0,0,1989,27,Male,Turkish,71,175,1.995924957,2.945945946,1.542919239,3.546666667,1.32841435,2.391891892,1.311880043,4.324675325,1.525584948,4.324324324,1.47219069,3.868421053,0.899512539,0.054636203,0.031585832
477,NIKON D90,AF-S DX VR Zoom-Nikkor 18-105mm f/3.5-5.6G ED,,,126,105.0 mm,157 mm,,0,0,1,0,2,0,0,1,0,1993,23,Male,Turkish,82,180,2.084468615,2.775,1.676154429,4.746835443,1.531451084,1.4125,1.039641491,5.493975904,1.580162804,3.8875,1.558916777,4.3,0.785952619,0.050580412,0.041232684
483,NIKON D90,AF-S DX VR Zoom-Nikkor 18-105mm f/3.5-5.6G ED,,,126,105.0 mm,157 mm,,0,0,1,0,2,0,1,0,0,1993,23,Male,Turkish,75,180,2.242076353,2.162162162,1.471436043,4.662162162,1.682114024,1.459459459,0.863081278,5.106666667,1.623920293,3.581081081,1.61335825,4.364864865,0.750786333,0.057461918,0.037346438
496,NIKON D90,AF-S DX VR Zoom-Nikkor 18-105mm f/3.5-5.6G ED,,,126,105.0 mm,157 mm,,0,0,2,0,2,0,0,0,0,1995,21,Male,Turkish,60,185,1.806482726,1.623188406,1.189432011,2.75,1.5,1.871428571,1.250175971,3.608695652,1.664662051,3.666666667,1.669949818,3.890410959,1.087321426,0.057092015,-0.000747623
499,NIKON D90,AF-S DX VR Zoom-Nikkor 18-105mm f/3.5-5.6G ED,,,126,105.0 mm,157 mm,,0,0,1,0,2,0,1,0,0,1993,23,Male,Turkish,55,178,1.667449622,1.62962963,1.077548658,3.7375,1.819331843,1.341772152,0.90420777,5.148148148,1.831059196,3,1.753567792,3.855421687,1.094693744,0.073373927,0.034602658
500,NIKON D90,AF-S DX VR Zoom-Nikkor 18-105mm f/3.5-5.6G ED,,,126,105.0 mm,157 mm,,0,0,1,0,2,0,0,0,0,1993,23,Male,Turkish,100,186,2.057192786,1.759493671,1.14595375,4.605263158,1.488434949,1.41025641,1.049871946,5.064102564,1.677503894,2.960526316,1.464611798,3.708860759,1.23154998,0.048409197,0.048547591
501,NIKON D90,AF-S DX VR Zoom-Nikkor 18-105mm f/3.5-5.6G ED,,,126,105.0 mm,157 mm,,0,0,1,0,2,0,0,0,0,1994,22,Male,Turkish,69,174,1.927078435,2.273972603,1.677136067,2.888888889,1.193356676,2.521126761,1.602312213,3.464788732,1.722381955,3.04,1.360047694,3.242857143,1.184877102,0.040942134,0.00548333
506,NIKON D90,AF-S DX VR Zoom-Nikkor 18-105mm f/3.5-5.6G ED,,,126,105.0 mm,157 mm,,0,0,1,0,2,0,0,0,0,1996,20,Male,Turkish,96,184,1.696408314,2.202531646,1.352867295,2.654320988,1.379859538,2.884615385,1.554054348,3.325,1.329080771,4.405063291,1.629212389,3.62962963,1.122992035,0.064830727,0.004927393
507,NIKON D90,AF-S DX VR Zoom-Nikkor 18-105mm f/3.5-5.6G ED,1/125,13,125,105.0 mm,157 mm,2.82 m,0,0,1,0,2,0,1,0,0,1988,28,Male,Turkish,66,173,1.993200501,3.76,1.715115629,5.12,1.506382816,1.573333333,0.932496407,5.460526316,1.427732837,3.592105263,1.634442874,4.103896104,0.88234758,0.049230525,0.030014561
510,NIKON D90,AF-S DX VR Zoom-Nikkor 18-105mm f/3.5-5.6G ED,,,126,105.0 mm,157 mm,,0,0,1,0,2,0,0,0,0,1991,25,Male,Turkish,80,174,2.180071085,2.904109589,1.55603113,3.945945946,1.451422466,2.02739726,1.154370954,4.554054054,1.562767933,4.328947368,1.54391846,4.191780822,0.700347815,0.053591434,0.034432729
515,NIKON D90,AF-S DX VR Zoom-Nikkor 18-105mm f/3.5-5.6G ED,,,126,105.0 mm,157 mm,,0,0,1,0,2,0,1,0,0,1992,24,Male,Turkish,58,174,1.913523529,2.573333333,1.628905563,3.478873239,1.593371582,3.666666667,1.883957477,3.098591549,1.532084757,3.690140845,1.745128315,3.253521127,1.038106929,0.045489398,0.012608392
516,NIKON D90,AF-S DX VR Zoom-Nikkor 18-105mm f/3.5-5.6G ED,,,126,105.0 mm,157 mm,,0,0,1,0,2,0,0,0,0,1993,23,Male,Turkish,74,177,1.95464769,3.042253521,1.930481951,5.47826087,1.420529061,1.442857143,1.150119266,5.739130435,1.481773321,3.073529412,1.548385548,4.492537313,0.682533923,0.035231396,0.026380223
517,NIKON D90,AF-S DX VR Zoom-Nikkor 18-105mm f/3.5-5.6G ED,,,126,105.0 mm,157 mm,,0,0,1,0,2,0,0,0,0,1996,20,Male,Turkish,72,182,1.966947709,2.164383562,1.462624151,3.657534247,1.483419268,1.905405405,1.100048802,4.148648649,1.495952827,3.222222222,1.355450367,4.189189189,0.734206788,0.037996554,0.030846842
520,Canon EOS 6D,Canon EF 24-105mm f/4L IS,1/128,8,100,105.0 mm,,,0,0,1,0,2,0,0,0,0,1991,25,Male,Turkish,69,180,2.065109525,4.539473684,1.976129479,3.684210526,1.489613161,3.25,1.752141547,3.973684211,1.548966832,4.328947368,1.619779062,2.428571429,0.992452722,0.031439313,0.016128479
528,NIKON D90,AF-S DX VR Zoom-Nikkor 18-105mm f/3.5-5.6G ED,,,126,105.0 mm,157 mm,,0,0,1,0,2,0,0,0,0,1990,26,Male,Turkish,85,178,2.25401782,2.246753247,1.4156628,4.631578947,1.403254363,1.584415584,0.936829049,4.87012987,1.417472262,3.302631579,1.326848264,3.578947368,0.996837103,0.051878327,0.033601388
529,NIKON D90,AF-S DX VR Zoom-Nikkor 18-105mm f/3.5-5.6G ED,1/125,11,125,105.0 mm,157 mm,2.82 m,0,0,1,0,2,0,0,0,0,1994,22,Male,Turkish,66,167,1.752717123,2.418918919,1.452506164,2.932432432,1.089565467,1.973684211,1.232598169,4.432432432,1.325007946,4.027027027,1.47093273,4.040540541,0.957153159,0.062072709,0.013512152
540,NIKON D90,AF-S DX VR Zoom-Nikkor 18-105mm f/3.5-5.6G ED,,,126,105.0 mm,157 mm,,0,0,1,0,2,0,0,0,0,1994,22,Male,Turkish,95,185,2.130609076,1.379746835,0.721533223,2.962025316,1.652061944,1.371794872,0.91323564,4.139240506,1.773987087,2.924050633,1.692912465,4.075,1.016011063,0.046553241,0.048458843
